cost_complexity,tree_depth,min_n,.metric,.estimator,mean,n,std_err,.config
1e-10,5,2,accuracy,multiclass,0.6728728728728729,10,0.008550067266792223,Preprocessor1_Model001
1e-10,5,2,gain_capture,macro,0.7935313173917875,10,0.010739994617291792,Preprocessor1_Model001
1e-10,5,2,precision,macro,0.706703289250466,10,0.008127118727556221,Preprocessor1_Model001
1e-10,5,2,recall,macro,0.6784663592832889,10,0.010015713644219548,Preprocessor1_Model001
1e-10,5,2,roc_auc,hand_till,0.8978621829101981,10,0.0052923053139854554,Preprocessor1_Model001
1.7782794100389228e-8,5,2,accuracy,multiclass,0.6728728728728729,10,0.008550067266792223,Preprocessor1_Model002
1.7782794100389228e-8,5,2,gain_capture,macro,0.7935313173917875,10,0.010739994617291792,Preprocessor1_Model002
1.7782794100389228e-8,5,2,precision,macro,0.706703289250466,10,0.008127118727556221,Preprocessor1_Model002
1.7782794100389228e-8,5,2,recall,macro,0.6784663592832889,10,0.010015713644219548,Preprocessor1_Model002
1.7782794100389228e-8,5,2,roc_auc,hand_till,0.8978621829101981,10,0.0052923053139854554,Preprocessor1_Model002
3.162277660168379e-6,5,2,accuracy,multiclass,0.6728728728728729,10,0.008550067266792223,Preprocessor1_Model003
3.162277660168379e-6,5,2,gain_capture,macro,0.7935313173917875,10,0.010739994617291792,Preprocessor1_Model003
3.162277660168379e-6,5,2,precision,macro,0.706703289250466,10,0.008127118727556221,Preprocessor1_Model003
3.162277660168379e-6,5,2,recall,macro,0.6784663592832889,10,0.010015713644219548,Preprocessor1_Model003
3.162277660168379e-6,5,2,roc_auc,hand_till,0.8978621829101981,10,0.0052923053139854554,Preprocessor1_Model003
5.623413251903491e-4,5,2,accuracy,multiclass,0.6738818363818364,10,0.008444521042805611,Preprocessor1_Model004
5.623413251903491e-4,5,2,gain_capture,macro,0.794289780530411,10,0.010445943254422567,Preprocessor1_Model004
5.623413251903491e-4,5,2,precision,macro,0.7094426191570851,10,0.008092170702570735,Preprocessor1_Model004
5.623413251903491e-4,5,2,recall,macro,0.6798258410939202,10,0.009849309245380357,Preprocessor1_Model004
5.623413251903491e-4,5,2,roc_auc,hand_till,0.8982133717760625,10,0.005157910572934473,Preprocessor1_Model004
0.1,5,2,accuracy,multiclass,0.4890151515151515,10,0.011803927132040992,Preprocessor1_Model005
0.1,5,2,gain_capture,macro,0.511573998078032,10,0.008866942048003385,Preprocessor1_Model005
0.1,5,2,precision,macro,0.5670950262698684,10,0.012299719140801588,Preprocessor1_Model005
0.1,5,2,recall,macro,0.46851631087258594,10,0.00859876746376464,Preprocessor1_Model005
0.1,5,2,roc_auc,hand_till,0.7595454329388219,10,0.00452802614292548,Preprocessor1_Model005
1e-10,11,2,accuracy,multiclass,0.8287105287105287,10,0.0127796228926794,Preprocessor1_Model006
1e-10,11,2,gain_capture,macro,0.8213109767685853,10,0.011833776955193217,Preprocessor1_Model006
1e-10,11,2,precision,macro,0.8306647886130261,10,0.01205604652270465,Preprocessor1_Model006
1e-10,11,2,recall,macro,0.8296765930759703,10,0.01304334322358063,Preprocessor1_Model006
1e-10,11,2,roc_auc,hand_till,0.9106978157567597,10,0.005990169585420215,Preprocessor1_Model006
1.7782794100389228e-8,11,2,accuracy,multiclass,0.8287105287105287,10,0.0127796228926794,Preprocessor1_Model007
1.7782794100389228e-8,11,2,gain_capture,macro,0.8213109767685853,10,0.011833776955193217,Preprocessor1_Model007
1.7782794100389228e-8,11,2,precision,macro,0.8306647886130261,10,0.01205604652270465,Preprocessor1_Model007
1.7782794100389228e-8,11,2,recall,macro,0.8296765930759703,10,0.01304334322358063,Preprocessor1_Model007
1.7782794100389228e-8,11,2,roc_auc,hand_till,0.9106978157567597,10,0.005990169585420215,Preprocessor1_Model007
3.162277660168379e-6,11,2,accuracy,multiclass,0.8287105287105287,10,0.0127796228926794,Preprocessor1_Model008
3.162277660168379e-6,11,2,gain_capture,macro,0.8213109767685853,10,0.011833776955193217,Preprocessor1_Model008
3.162277660168379e-6,11,2,precision,macro,0.8306647886130261,10,0.01205604652270465,Preprocessor1_Model008
3.162277660168379e-6,11,2,recall,macro,0.8296765930759703,10,0.01304334322358063,Preprocessor1_Model008
3.162277660168379e-6,11,2,roc_auc,hand_till,0.9106978157567597,10,0.005990169585420215,Preprocessor1_Model008
5.623413251903491e-4,11,2,accuracy,multiclass,0.8276936026936027,10,0.01282852400336908,Preprocessor1_Model009
5.623413251903491e-4,11,2,gain_capture,macro,0.8489561876464913,10,0.012372790342193659,Preprocessor1_Model009
5.623413251903491e-4,11,2,precision,macro,0.8299582256946768,10,0.011461330227300363,Preprocessor1_Model009
5.623413251903491e-4,11,2,recall,macro,0.8290250343388141,10,0.012844553519635407,Preprocessor1_Model009
5.623413251903491e-4,11,2,roc_auc,hand_till,0.9248534062092802,10,0.006175856554074837,Preprocessor1_Model009
0.1,11,2,accuracy,multiclass,0.4890151515151515,10,0.011803927132040992,Preprocessor1_Model010
0.1,11,2,gain_capture,macro,0.511573998078032,10,0.008866942048003385,Preprocessor1_Model010
0.1,11,2,precision,macro,0.5670950262698684,10,0.012299719140801588,Preprocessor1_Model010
0.1,11,2,recall,macro,0.46851631087258594,10,0.00859876746376464,Preprocessor1_Model010
0.1,11,2,roc_auc,hand_till,0.7595454329388219,10,0.00452802614292548,Preprocessor1_Model010
1e-10,17,2,accuracy,multiclass,0.8303917553917554,10,0.011187865849007075,Preprocessor1_Model011
1e-10,17,2,gain_capture,macro,0.7939035646010514,10,0.013782657290530308,Preprocessor1_Model011
1e-10,17,2,precision,macro,0.8312920951534417,10,0.010765267200621079,Preprocessor1_Model011
1e-10,17,2,recall,macro,0.8302531175540779,10,0.011490473194355302,Preprocessor1_Model011
1e-10,17,2,roc_auc,hand_till,0.8967684061725095,10,0.0070275387929981115,Preprocessor1_Model011
1.7782794100389228e-8,17,2,accuracy,multiclass,0.8303917553917554,10,0.011187865849007075,Preprocessor1_Model012
1.7782794100389228e-8,17,2,gain_capture,macro,0.7939035646010514,10,0.013782657290530308,Preprocessor1_Model012
1.7782794100389228e-8,17,2,precision,macro,0.8312920951534417,10,0.010765267200621079,Preprocessor1_Model012
1.7782794100389228e-8,17,2,recall,macro,0.8302531175540779,10,0.011490473194355302,Preprocessor1_Model012
1.7782794100389228e-8,17,2,roc_auc,hand_till,0.8967684061725095,10,0.0070275387929981115,Preprocessor1_Model012
3.162277660168379e-6,17,2,accuracy,multiclass,0.8303917553917554,10,0.011187865849007075,Preprocessor1_Model013
3.162277660168379e-6,17,2,gain_capture,macro,0.7939035646010514,10,0.013782657290530308,Preprocessor1_Model013
3.162277660168379e-6,17,2,precision,macro,0.8312920951534417,10,0.010765267200621079,Preprocessor1_Model013
3.162277660168379e-6,17,2,recall,macro,0.8302531175540779,10,0.011490473194355302,Preprocessor1_Model013
3.162277660168379e-6,17,2,roc_auc,hand_till,0.8967684061725095,10,0.0070275387929981115,Preprocessor1_Model013
5.623413251903491e-4,17,2,accuracy,multiclass,0.8317385567385568,10,0.012584160775006533,Preprocessor1_Model014
5.623413251903491e-4,17,2,gain_capture,macro,0.8422699648756127,10,0.011026753716250991,Preprocessor1_Model014
5.623413251903491e-4,17,2,precision,macro,0.832798489669784,10,0.011384091939125492,Preprocessor1_Model014
5.623413251903491e-4,17,2,recall,macro,0.8326901556620256,10,0.012486288052968463,Preprocessor1_Model014
5.623413251903491e-4,17,2,roc_auc,hand_till,0.9215396341118447,10,0.005466182235482427,Preprocessor1_Model014
0.1,17,2,accuracy,multiclass,0.4890151515151515,10,0.011803927132040992,Preprocessor1_Model015
0.1,17,2,gain_capture,macro,0.511573998078032,10,0.008866942048003385,Preprocessor1_Model015
0.1,17,2,precision,macro,0.5670950262698684,10,0.012299719140801588,Preprocessor1_Model015
0.1,17,2,recall,macro,0.46851631087258594,10,0.00859876746376464,Preprocessor1_Model015
0.1,17,2,roc_auc,hand_till,0.7595454329388219,10,0.00452802614292548,Preprocessor1_Model015
1e-10,23,2,accuracy,multiclass,0.8293782418782418,10,0.01097459057130725,Preprocessor1_Model016
1e-10,23,2,gain_capture,macro,0.7863260989993509,10,0.013662707074921072,Preprocessor1_Model016
1e-10,23,2,precision,macro,0.8298124217717152,10,0.010601311581371002,Preprocessor1_Model016
1e-10,23,2,recall,macro,0.8288485320155888,10,0.011287086199417207,Preprocessor1_Model016
1e-10,23,2,roc_auc,hand_till,0.8929996903864839,10,0.006936042449576652,Preprocessor1_Model016
1.7782794100389228e-8,23,2,accuracy,multiclass,0.8293782418782418,10,0.01097459057130725,Preprocessor1_Model017
1.7782794100389228e-8,23,2,gain_capture,macro,0.7863260989993509,10,0.013662707074921072,Preprocessor1_Model017
1.7782794100389228e-8,23,2,precision,macro,0.8298124217717152,10,0.010601311581371002,Preprocessor1_Model017
1.7782794100389228e-8,23,2,recall,macro,0.8288485320155888,10,0.011287086199417207,Preprocessor1_Model017
1.7782794100389228e-8,23,2,roc_auc,hand_till,0.8929996903864839,10,0.006936042449576652,Preprocessor1_Model017
3.162277660168379e-6,23,2,accuracy,multiclass,0.8293782418782418,10,0.01097459057130725,Preprocessor1_Model018
3.162277660168379e-6,23,2,gain_capture,macro,0.7863260989993509,10,0.013662707074921072,Preprocessor1_Model018
3.162277660168379e-6,23,2,precision,macro,0.8298124217717152,10,0.010601311581371002,Preprocessor1_Model018
3.162277660168379e-6,23,2,recall,macro,0.8288485320155888,10,0.011287086199417207,Preprocessor1_Model018
3.162277660168379e-6,23,2,roc_auc,hand_till,0.8929996903864839,10,0.006936042449576652,Preprocessor1_Model018
5.623413251903491e-4,23,2,accuracy,multiclass,0.8310628810628811,10,0.012403375342656838,Preprocessor1_Model019
5.623413251903491e-4,23,2,gain_capture,macro,0.8399950295190364,10,0.010958403154377511,Preprocessor1_Model019
5.623413251903491e-4,23,2,precision,macro,0.8320255530478171,10,0.011164228278365574,Preprocessor1_Model019
5.623413251903491e-4,23,2,recall,macro,0.8320095794076788,10,0.012279370312830093,Preprocessor1_Model019
5.623413251903491e-4,23,2,roc_auc,hand_till,0.9204175777237723,10,0.005406907393084159,Preprocessor1_Model019
0.1,23,2,accuracy,multiclass,0.4890151515151515,10,0.011803927132040992,Preprocessor1_Model020
0.1,23,2,gain_capture,macro,0.511573998078032,10,0.008866942048003385,Preprocessor1_Model020
0.1,23,2,precision,macro,0.5670950262698684,10,0.012299719140801588,Preprocessor1_Model020
0.1,23,2,recall,macro,0.46851631087258594,10,0.00859876746376464,Preprocessor1_Model020
0.1,23,2,roc_auc,hand_till,0.7595454329388219,10,0.00452802614292548,Preprocessor1_Model020
1e-10,30,2,accuracy,multiclass,0.8287048412048412,10,0.011340936344935652,Preprocessor1_Model021
1e-10,30,2,gain_capture,macro,0.7852849867239334,10,0.014454310206023018,Preprocessor1_Model021
1e-10,30,2,precision,macro,0.8289345668120043,10,0.011080634881803957,Preprocessor1_Model021
1e-10,30,2,recall,macro,0.8280938150344568,10,0.011690321838655397,Preprocessor1_Model021
1e-10,30,2,roc_auc,hand_till,0.8925586343965355,10,0.007306451149159607,Preprocessor1_Model021
1.7782794100389228e-8,30,2,accuracy,multiclass,0.8287048412048412,10,0.011340936344935652,Preprocessor1_Model022
1.7782794100389228e-8,30,2,gain_capture,macro,0.7852849867239334,10,0.014454310206023018,Preprocessor1_Model022
1.7782794100389228e-8,30,2,precision,macro,0.8289345668120043,10,0.011080634881803957,Preprocessor1_Model022
1.7782794100389228e-8,30,2,recall,macro,0.8280938150344568,10,0.011690321838655397,Preprocessor1_Model022
1.7782794100389228e-8,30,2,roc_auc,hand_till,0.8925586343965355,10,0.007306451149159607,Preprocessor1_Model022
3.162277660168379e-6,30,2,accuracy,multiclass,0.8287048412048412,10,0.011340936344935652,Preprocessor1_Model023
3.162277660168379e-6,30,2,gain_capture,macro,0.7852849867239334,10,0.014454310206023018,Preprocessor1_Model023
3.162277660168379e-6,30,2,precision,macro,0.8289345668120043,10,0.011080634881803957,Preprocessor1_Model023
3.162277660168379e-6,30,2,recall,macro,0.8280938150344568,10,0.011690321838655397,Preprocessor1_Model023
3.162277660168379e-6,30,2,roc_auc,hand_till,0.8925586343965355,10,0.007306451149159607,Preprocessor1_Model023
5.623413251903491e-4,30,2,accuracy,multiclass,0.8310628810628811,10,0.012403375342656838,Preprocessor1_Model024
5.623413251903491e-4,30,2,gain_capture,macro,0.8399950295190364,10,0.010958403154377511,Preprocessor1_Model024
5.623413251903491e-4,30,2,precision,macro,0.8320255530478171,10,0.011164228278365574,Preprocessor1_Model024
5.623413251903491e-4,30,2,recall,macro,0.8320095794076788,10,0.012279370312830093,Preprocessor1_Model024
5.623413251903491e-4,30,2,roc_auc,hand_till,0.9204175777237723,10,0.005406907393084159,Preprocessor1_Model024
0.1,30,2,accuracy,multiclass,0.4890151515151515,10,0.011803927132040992,Preprocessor1_Model025
0.1,30,2,gain_capture,macro,0.511573998078032,10,0.008866942048003385,Preprocessor1_Model025
0.1,30,2,precision,macro,0.5670950262698684,10,0.012299719140801588,Preprocessor1_Model025
0.1,30,2,recall,macro,0.46851631087258594,10,0.00859876746376464,Preprocessor1_Model025
0.1,30,2,roc_auc,hand_till,0.7595454329388219,10,0.00452802614292548,Preprocessor1_Model025
1e-10,5,11,accuracy,multiclass,0.6735474110474111,10,0.008154342800744275,Preprocessor1_Model026
1e-10,5,11,gain_capture,macro,0.7971652685334029,10,0.009603527958997068,Preprocessor1_Model026
1e-10,5,11,precision,macro,0.7077258503512417,10,0.008055617140272529,Preprocessor1_Model026
1e-10,5,11,recall,macro,0.67920733195109,10,0.009638770548226322,Preprocessor1_Model026
1e-10,5,11,roc_auc,hand_till,0.8996769442033549,10,0.004698760196454684,Preprocessor1_Model026
1.7782794100389228e-8,5,11,accuracy,multiclass,0.6735474110474111,10,0.008154342800744275,Preprocessor1_Model027
1.7782794100389228e-8,5,11,gain_capture,macro,0.7971652685334029,10,0.009603527958997068,Preprocessor1_Model027
1.7782794100389228e-8,5,11,precision,macro,0.7077258503512417,10,0.008055617140272529,Preprocessor1_Model027
1.7782794100389228e-8,5,11,recall,macro,0.67920733195109,10,0.009638770548226322,Preprocessor1_Model027
1.7782794100389228e-8,5,11,roc_auc,hand_till,0.8996769442033549,10,0.004698760196454684,Preprocessor1_Model027
3.162277660168379e-6,5,11,accuracy,multiclass,0.6735474110474111,10,0.008154342800744275,Preprocessor1_Model028
3.162277660168379e-6,5,11,gain_capture,macro,0.7971652685334029,10,0.009603527958997068,Preprocessor1_Model028
3.162277660168379e-6,5,11,precision,macro,0.7077258503512417,10,0.008055617140272529,Preprocessor1_Model028
3.162277660168379e-6,5,11,recall,macro,0.67920733195109,10,0.009638770548226322,Preprocessor1_Model028
3.162277660168379e-6,5,11,roc_auc,hand_till,0.8996769442033549,10,0.004698760196454684,Preprocessor1_Model028
5.623413251903491e-4,5,11,accuracy,multiclass,0.6742208117208117,10,0.00818075891854801,Preprocessor1_Model029
5.623413251903491e-4,5,11,gain_capture,macro,0.7969244504433697,10,0.010009042820207781,Preprocessor1_Model029
5.623413251903491e-4,5,11,precision,macro,0.7099199349591285,10,0.007813080186115652,Preprocessor1_Model029
5.623413251903491e-4,5,11,recall,macro,0.6802220402023322,10,0.009595682831184645,Preprocessor1_Model029
5.623413251903491e-4,5,11,roc_auc,hand_till,0.8995447095834037,10,0.004946262715522787,Preprocessor1_Model029
0.1,5,11,accuracy,multiclass,0.4890151515151515,10,0.011803927132040992,Preprocessor1_Model030
0.1,5,11,gain_capture,macro,0.511573998078032,10,0.008866942048003385,Preprocessor1_Model030
0.1,5,11,precision,macro,0.5670950262698684,10,0.012299719140801588,Preprocessor1_Model030
0.1,5,11,recall,macro,0.46851631087258594,10,0.00859876746376464,Preprocessor1_Model030
0.1,5,11,roc_auc,hand_till,0.7595454329388219,10,0.00452802614292548,Preprocessor1_Model030
1e-10,11,11,accuracy,multiclass,0.8236497861497861,10,0.011278228912866643,Preprocessor1_Model031
1e-10,11,11,gain_capture,macro,0.8745908835088403,10,0.009527463355470838,Preprocessor1_Model031
1e-10,11,11,precision,macro,0.8252128485852643,10,0.010507352995753793,Preprocessor1_Model031
1e-10,11,11,recall,macro,0.8249342302076966,10,0.011599241184162789,Preprocessor1_Model031
1e-10,11,11,roc_auc,hand_till,0.937612182800047,10,0.004778777616151288,Preprocessor1_Model031
1.7782794100389228e-8,11,11,accuracy,multiclass,0.8236497861497861,10,0.011278228912866643,Preprocessor1_Model032
1.7782794100389228e-8,11,11,gain_capture,macro,0.8745908835088403,10,0.009527463355470838,Preprocessor1_Model032
1.7782794100389228e-8,11,11,precision,macro,0.8252128485852643,10,0.010507352995753793,Preprocessor1_Model032
1.7782794100389228e-8,11,11,recall,macro,0.8249342302076966,10,0.011599241184162789,Preprocessor1_Model032
1.7782794100389228e-8,11,11,roc_auc,hand_till,0.937612182800047,10,0.004778777616151288,Preprocessor1_Model032
3.162277660168379e-6,11,11,accuracy,multiclass,0.8236497861497861,10,0.011278228912866643,Preprocessor1_Model033
3.162277660168379e-6,11,11,gain_capture,macro,0.8745908835088403,10,0.009527463355470838,Preprocessor1_Model033
3.162277660168379e-6,11,11,precision,macro,0.8252128485852643,10,0.010507352995753793,Preprocessor1_Model033
3.162277660168379e-6,11,11,recall,macro,0.8249342302076966,10,0.011599241184162789,Preprocessor1_Model033
3.162277660168379e-6,11,11,roc_auc,hand_till,0.937612182800047,10,0.004778777616151288,Preprocessor1_Model033
5.623413251903491e-4,11,11,accuracy,multiclass,0.8249943124943125,10,0.0107086120192578,Preprocessor1_Model034
5.623413251903491e-4,11,11,gain_capture,macro,0.8744533569214737,10,0.00875894527506771,Preprocessor1_Model034
5.623413251903491e-4,11,11,precision,macro,0.8264201638265453,10,0.010293920897610925,Preprocessor1_Model034
5.623413251903491e-4,11,11,recall,macro,0.8258439115452182,10,0.011070455512410132,Preprocessor1_Model034
5.623413251903491e-4,11,11,roc_auc,hand_till,0.9375384361471476,10,0.004378084389514727,Preprocessor1_Model034
0.1,11,11,accuracy,multiclass,0.4890151515151515,10,0.011803927132040992,Preprocessor1_Model035
0.1,11,11,gain_capture,macro,0.511573998078032,10,0.008866942048003385,Preprocessor1_Model035
0.1,11,11,precision,macro,0.5670950262698684,10,0.012299719140801588,Preprocessor1_Model035
0.1,11,11,recall,macro,0.46851631087258594,10,0.00859876746376464,Preprocessor1_Model035
0.1,11,11,roc_auc,hand_till,0.7595454329388219,10,0.00452802614292548,Preprocessor1_Model035
1e-10,17,11,accuracy,multiclass,0.8226351351351352,10,0.010165757183524908,Preprocessor1_Model036
1e-10,17,11,gain_capture,macro,0.8715822647182899,10,0.009094440797382522,Preprocessor1_Model036
1e-10,17,11,precision,macro,0.8234988573583099,10,0.00939572387261486,Preprocessor1_Model036
1e-10,17,11,recall,macro,0.8235288624736533,10,0.010353661314888591,Preprocessor1_Model036
1e-10,17,11,roc_auc,hand_till,0.9361965845302677,10,0.004537485700230732,Preprocessor1_Model036
1.7782794100389228e-8,17,11,accuracy,multiclass,0.8226351351351352,10,0.010165757183524908,Preprocessor1_Model037
1.7782794100389228e-8,17,11,gain_capture,macro,0.8715822647182899,10,0.009094440797382522,Preprocessor1_Model037
1.7782794100389228e-8,17,11,precision,macro,0.8234988573583099,10,0.00939572387261486,Preprocessor1_Model037
1.7782794100389228e-8,17,11,recall,macro,0.8235288624736533,10,0.010353661314888591,Preprocessor1_Model037
1.7782794100389228e-8,17,11,roc_auc,hand_till,0.9361965845302677,10,0.004537485700230732,Preprocessor1_Model037
3.162277660168379e-6,17,11,accuracy,multiclass,0.8226351351351352,10,0.010165757183524908,Preprocessor1_Model038
3.162277660168379e-6,17,11,gain_capture,macro,0.8715822647182899,10,0.009094440797382522,Preprocessor1_Model038
3.162277660168379e-6,17,11,precision,macro,0.8234988573583099,10,0.00939572387261486,Preprocessor1_Model038
3.162277660168379e-6,17,11,recall,macro,0.8235288624736533,10,0.010353661314888591,Preprocessor1_Model038
3.162277660168379e-6,17,11,roc_auc,hand_till,0.9361965845302677,10,0.004537485700230732,Preprocessor1_Model038
5.623413251903491e-4,17,11,accuracy,multiclass,0.8253298753298753,10,0.010195087525648152,Preprocessor1_Model039
5.623413251903491e-4,17,11,gain_capture,macro,0.8711099214569011,10,0.007994686269883733,Preprocessor1_Model039
5.623413251903491e-4,17,11,precision,macro,0.8260176917926441,10,0.009744865020275634,Preprocessor1_Model039
5.623413251903491e-4,17,11,recall,macro,0.8255271053473472,10,0.010373472684853065,Preprocessor1_Model039
5.623413251903491e-4,17,11,roc_auc,hand_till,0.9359451514462218,10,0.003970799164855966,Preprocessor1_Model039
0.1,17,11,accuracy,multiclass,0.4890151515151515,10,0.011803927132040992,Preprocessor1_Model040
0.1,17,11,gain_capture,macro,0.511573998078032,10,0.008866942048003385,Preprocessor1_Model040
0.1,17,11,precision,macro,0.5670950262698684,10,0.012299719140801588,Preprocessor1_Model040
0.1,17,11,recall,macro,0.46851631087258594,10,0.00859876746376464,Preprocessor1_Model040
0.1,17,11,roc_auc,hand_till,0.7595454329388219,10,0.00452802614292548,Preprocessor1_Model040
1e-10,23,11,accuracy,multiclass,0.8219594594594595,10,0.009897758357029452,Preprocessor1_Model041
1e-10,23,11,gain_capture,macro,0.8704430506503741,10,0.008949080061519451,Preprocessor1_Model041
1e-10,23,11,precision,macro,0.8225959086601401,10,0.009061106419658863,Preprocessor1_Model041
1e-10,23,11,recall,macro,0.8227347931549939,10,0.010086658069214808,Preprocessor1_Model041
1e-10,23,11,roc_auc,hand_till,0.9356296790011154,10,0.004461925518924389,Preprocessor1_Model041
1.7782794100389228e-8,23,11,accuracy,multiclass,0.8219594594594595,10,0.009897758357029452,Preprocessor1_Model042
1.7782794100389228e-8,23,11,gain_capture,macro,0.8704430506503741,10,0.008949080061519451,Preprocessor1_Model042
1.7782794100389228e-8,23,11,precision,macro,0.8225959086601401,10,0.009061106419658863,Preprocessor1_Model042
1.7782794100389228e-8,23,11,recall,macro,0.8227347931549939,10,0.010086658069214808,Preprocessor1_Model042
1.7782794100389228e-8,23,11,roc_auc,hand_till,0.9356296790011154,10,0.004461925518924389,Preprocessor1_Model042
3.162277660168379e-6,23,11,accuracy,multiclass,0.8219594594594595,10,0.009897758357029452,Preprocessor1_Model043
3.162277660168379e-6,23,11,gain_capture,macro,0.8704430506503741,10,0.008949080061519451,Preprocessor1_Model043
3.162277660168379e-6,23,11,precision,macro,0.8225959086601401,10,0.009061106419658863,Preprocessor1_Model043
3.162277660168379e-6,23,11,recall,macro,0.8227347931549939,10,0.010086658069214808,Preprocessor1_Model043
3.162277660168379e-6,23,11,roc_auc,hand_till,0.9356296790011154,10,0.004461925518924389,Preprocessor1_Model043
5.623413251903491e-4,23,11,accuracy,multiclass,0.8253298753298753,10,0.010195087525648152,Preprocessor1_Model044
5.623413251903491e-4,23,11,gain_capture,macro,0.870598712543032,10,0.007899158856775295,Preprocessor1_Model044
5.623413251903491e-4,23,11,precision,macro,0.8258467961723198,10,0.009695810835191757,Preprocessor1_Model044
5.623413251903491e-4,23,11,recall,macro,0.8255022667979185,10,0.010366114098612557,Preprocessor1_Model044
5.623413251903491e-4,23,11,roc_auc,hand_till,0.9356805920661996,10,0.003912271186848289,Preprocessor1_Model044
0.1,23,11,accuracy,multiclass,0.4890151515151515,10,0.011803927132040992,Preprocessor1_Model045
0.1,23,11,gain_capture,macro,0.511573998078032,10,0.008866942048003385,Preprocessor1_Model045
0.1,23,11,precision,macro,0.5670950262698684,10,0.012299719140801588,Preprocessor1_Model045
0.1,23,11,recall,macro,0.46851631087258594,10,0.00859876746376464,Preprocessor1_Model045
0.1,23,11,roc_auc,hand_till,0.7595454329388219,10,0.00452802614292548,Preprocessor1_Model045
1e-10,30,11,accuracy,multiclass,0.8219594594594595,10,0.009897758357029452,Preprocessor1_Model046
1e-10,30,11,gain_capture,macro,0.8704430506503741,10,0.008949080061519451,Preprocessor1_Model046
1e-10,30,11,precision,macro,0.8225959086601401,10,0.009061106419658863,Preprocessor1_Model046
1e-10,30,11,recall,macro,0.8227347931549939,10,0.010086658069214808,Preprocessor1_Model046
1e-10,30,11,roc_auc,hand_till,0.9356296790011154,10,0.004461925518924389,Preprocessor1_Model046
1.7782794100389228e-8,30,11,accuracy,multiclass,0.8219594594594595,10,0.009897758357029452,Preprocessor1_Model047
1.7782794100389228e-8,30,11,gain_capture,macro,0.8704430506503741,10,0.008949080061519451,Preprocessor1_Model047
1.7782794100389228e-8,30,11,precision,macro,0.8225959086601401,10,0.009061106419658863,Preprocessor1_Model047
1.7782794100389228e-8,30,11,recall,macro,0.8227347931549939,10,0.010086658069214808,Preprocessor1_Model047
1.7782794100389228e-8,30,11,roc_auc,hand_till,0.9356296790011154,10,0.004461925518924389,Preprocessor1_Model047
3.162277660168379e-6,30,11,accuracy,multiclass,0.8219594594594595,10,0.009897758357029452,Preprocessor1_Model048
3.162277660168379e-6,30,11,gain_capture,macro,0.8704430506503741,10,0.008949080061519451,Preprocessor1_Model048
3.162277660168379e-6,30,11,precision,macro,0.8225959086601401,10,0.009061106419658863,Preprocessor1_Model048
3.162277660168379e-6,30,11,recall,macro,0.8227347931549939,10,0.010086658069214808,Preprocessor1_Model048
3.162277660168379e-6,30,11,roc_auc,hand_till,0.9356296790011154,10,0.004461925518924389,Preprocessor1_Model048
5.623413251903491e-4,30,11,accuracy,multiclass,0.8253298753298753,10,0.010195087525648152,Preprocessor1_Model049
5.623413251903491e-4,30,11,gain_capture,macro,0.870598712543032,10,0.007899158856775295,Preprocessor1_Model049
5.623413251903491e-4,30,11,precision,macro,0.8258467961723198,10,0.009695810835191757,Preprocessor1_Model049
5.623413251903491e-4,30,11,recall,macro,0.8255022667979185,10,0.010366114098612557,Preprocessor1_Model049
5.623413251903491e-4,30,11,roc_auc,hand_till,0.9356805920661996,10,0.003912271186848289,Preprocessor1_Model049
0.1,30,11,accuracy,multiclass,0.4890151515151515,10,0.011803927132040992,Preprocessor1_Model050
0.1,30,11,gain_capture,macro,0.511573998078032,10,0.008866942048003385,Preprocessor1_Model050
0.1,30,11,precision,macro,0.5670950262698684,10,0.012299719140801588,Preprocessor1_Model050
0.1,30,11,recall,macro,0.46851631087258594,10,0.00859876746376464,Preprocessor1_Model050
0.1,30,11,roc_auc,hand_till,0.7595454329388219,10,0.00452802614292548,Preprocessor1_Model050
1e-10,5,21,accuracy,multiclass,0.6708469833469833,10,0.008369410167989267,Preprocessor1_Model051
1e-10,5,21,gain_capture,macro,0.7964678162301677,10,0.010140189680024428,Preprocessor1_Model051
1e-10,5,21,precision,macro,0.7060935326105986,10,0.007990272659685934,Preprocessor1_Model051
1e-10,5,21,recall,macro,0.6766374100667285,10,0.010054391035285564,Preprocessor1_Model051
1e-10,5,21,roc_auc,hand_till,0.8993140040564076,10,0.005051858949483404,Preprocessor1_Model051
1.7782794100389228e-8,5,21,accuracy,multiclass,0.6708469833469833,10,0.008369410167989267,Preprocessor1_Model052
1.7782794100389228e-8,5,21,gain_capture,macro,0.7964678162301677,10,0.010140189680024428,Preprocessor1_Model052
1.7782794100389228e-8,5,21,precision,macro,0.7060935326105986,10,0.007990272659685934,Preprocessor1_Model052
1.7782794100389228e-8,5,21,recall,macro,0.6766374100667285,10,0.010054391035285564,Preprocessor1_Model052
1.7782794100389228e-8,5,21,roc_auc,hand_till,0.8993140040564076,10,0.005051858949483404,Preprocessor1_Model052
3.162277660168379e-6,5,21,accuracy,multiclass,0.6708469833469833,10,0.008369410167989267,Preprocessor1_Model053
3.162277660168379e-6,5,21,gain_capture,macro,0.7964678162301677,10,0.010140189680024428,Preprocessor1_Model053
3.162277660168379e-6,5,21,precision,macro,0.7060935326105986,10,0.007990272659685934,Preprocessor1_Model053
3.162277660168379e-6,5,21,recall,macro,0.6766374100667285,10,0.010054391035285564,Preprocessor1_Model053
3.162277660168379e-6,5,21,roc_auc,hand_till,0.8993140040564076,10,0.005051858949483404,Preprocessor1_Model053
5.623413251903491e-4,5,21,accuracy,multiclass,0.6725293475293476,10,0.008053414725033403,Preprocessor1_Model054
5.623413251903491e-4,5,21,gain_capture,macro,0.7969627667443486,10,0.010061072659857373,Preprocessor1_Model054
5.623413251903491e-4,5,21,precision,macro,0.7082315433559024,10,0.007908666870775655,Preprocessor1_Model054
5.623413251903491e-4,5,21,recall,macro,0.6786747009426748,10,0.00987726573266199,Preprocessor1_Model054
5.623413251903491e-4,5,21,roc_auc,hand_till,0.899556992328646,10,0.005040923153879342,Preprocessor1_Model054
0.1,5,21,accuracy,multiclass,0.4890151515151515,10,0.011803927132040992,Preprocessor1_Model055
0.1,5,21,gain_capture,macro,0.511573998078032,10,0.008866942048003385,Preprocessor1_Model055
0.1,5,21,precision,macro,0.5670950262698684,10,0.012299719140801588,Preprocessor1_Model055
0.1,5,21,recall,macro,0.46851631087258594,10,0.00859876746376464,Preprocessor1_Model055
0.1,5,21,roc_auc,hand_till,0.7595454329388219,10,0.00452802614292548,Preprocessor1_Model055
1e-10,11,21,accuracy,multiclass,0.8104923104923105,10,0.009220349214475877,Preprocessor1_Model056
1e-10,11,21,gain_capture,macro,0.8888226049015117,10,0.00751225555086497,Preprocessor1_Model056
1e-10,11,21,precision,macro,0.8122560480880011,10,0.008558045718204881,Preprocessor1_Model056
1e-10,11,21,recall,macro,0.810904539105042,10,0.00951247577390825,Preprocessor1_Model056
1e-10,11,21,roc_auc,hand_till,0.9448044522350815,10,0.003914375454163487,Preprocessor1_Model056
1.7782794100389228e-8,11,21,accuracy,multiclass,0.8104923104923105,10,0.009220349214475877,Preprocessor1_Model057
1.7782794100389228e-8,11,21,gain_capture,macro,0.8888226049015117,10,0.00751225555086497,Preprocessor1_Model057
1.7782794100389228e-8,11,21,precision,macro,0.8122560480880011,10,0.008558045718204881,Preprocessor1_Model057
1.7782794100389228e-8,11,21,recall,macro,0.810904539105042,10,0.00951247577390825,Preprocessor1_Model057
1.7782794100389228e-8,11,21,roc_auc,hand_till,0.9448044522350815,10,0.003914375454163487,Preprocessor1_Model057
3.162277660168379e-6,11,21,accuracy,multiclass,0.8104923104923105,10,0.009220349214475877,Preprocessor1_Model058
3.162277660168379e-6,11,21,gain_capture,macro,0.8888226049015117,10,0.00751225555086497,Preprocessor1_Model058
3.162277660168379e-6,11,21,precision,macro,0.8122560480880011,10,0.008558045718204881,Preprocessor1_Model058
3.162277660168379e-6,11,21,recall,macro,0.810904539105042,10,0.00951247577390825,Preprocessor1_Model058
3.162277660168379e-6,11,21,roc_auc,hand_till,0.9448044522350815,10,0.003914375454163487,Preprocessor1_Model058
5.623413251903491e-4,11,21,accuracy,multiclass,0.8091386841386842,10,0.008569213991323994,Preprocessor1_Model059
5.623413251903491e-4,11,21,gain_capture,macro,0.885909802452172,10,0.007001626856509068,Preprocessor1_Model059
5.623413251903491e-4,11,21,precision,macro,0.810335540434917,10,0.008177677397545668,Preprocessor1_Model059
5.623413251903491e-4,11,21,recall,macro,0.8090315845677678,10,0.008888775531418674,Preprocessor1_Model059
5.623413251903491e-4,11,21,roc_auc,hand_till,0.9433342213977911,10,0.003665415369149797,Preprocessor1_Model059
0.1,11,21,accuracy,multiclass,0.4890151515151515,10,0.011803927132040992,Preprocessor1_Model060
0.1,11,21,gain_capture,macro,0.511573998078032,10,0.008866942048003385,Preprocessor1_Model060
0.1,11,21,precision,macro,0.5670950262698684,10,0.012299719140801588,Preprocessor1_Model060
0.1,11,21,recall,macro,0.46851631087258594,10,0.00859876746376464,Preprocessor1_Model060
0.1,11,21,roc_auc,hand_till,0.7595454329388219,10,0.00452802614292548,Preprocessor1_Model060
1e-10,17,21,accuracy,multiclass,0.8131916006916007,10,0.009961956615330652,Preprocessor1_Model061
1e-10,17,21,gain_capture,macro,0.8904684750546178,10,0.008246151421403544,Preprocessor1_Model061
1e-10,17,21,precision,macro,0.814163266831958,10,0.009413194975254011,Preprocessor1_Model061
1e-10,17,21,recall,macro,0.813336459227998,10,0.010131795372970655,Preprocessor1_Model061
1e-10,17,21,roc_auc,hand_till,0.9456978706761869,10,0.004270502982538985,Preprocessor1_Model061
1.7782794100389228e-8,17,21,accuracy,multiclass,0.8131916006916007,10,0.009961956615330652,Preprocessor1_Model062
1.7782794100389228e-8,17,21,gain_capture,macro,0.8904684750546178,10,0.008246151421403544,Preprocessor1_Model062
1.7782794100389228e-8,17,21,precision,macro,0.814163266831958,10,0.009413194975254011,Preprocessor1_Model062
1.7782794100389228e-8,17,21,recall,macro,0.813336459227998,10,0.010131795372970655,Preprocessor1_Model062
1.7782794100389228e-8,17,21,roc_auc,hand_till,0.9456978706761869,10,0.004270502982538985,Preprocessor1_Model062
3.162277660168379e-6,17,21,accuracy,multiclass,0.8131916006916007,10,0.009961956615330652,Preprocessor1_Model063
3.162277660168379e-6,17,21,gain_capture,macro,0.8904684750546178,10,0.008246151421403544,Preprocessor1_Model063
3.162277660168379e-6,17,21,precision,macro,0.814163266831958,10,0.009413194975254011,Preprocessor1_Model063
3.162277660168379e-6,17,21,recall,macro,0.813336459227998,10,0.010131795372970655,Preprocessor1_Model063
3.162277660168379e-6,17,21,roc_auc,hand_till,0.9456978706761869,10,0.004270502982538985,Preprocessor1_Model063
5.623413251903491e-4,17,21,accuracy,multiclass,0.811501274001274,10,0.009056243887169187,Preprocessor1_Model064
5.623413251903491e-4,17,21,gain_capture,macro,0.8874735438165496,10,0.007863272700304378,Preprocessor1_Model064
5.623413251903491e-4,17,21,precision,macro,0.8120559712259268,10,0.008721235537483952,Preprocessor1_Model064
5.623413251903491e-4,17,21,recall,macro,0.8111466060929535,10,0.009211907901703963,Preprocessor1_Model064
5.623413251903491e-4,17,21,roc_auc,hand_till,0.9441776259105386,10,0.004058339578205471,Preprocessor1_Model064
0.1,17,21,accuracy,multiclass,0.4890151515151515,10,0.011803927132040992,Preprocessor1_Model065
0.1,17,21,gain_capture,macro,0.511573998078032,10,0.008866942048003385,Preprocessor1_Model065
0.1,17,21,precision,macro,0.5670950262698684,10,0.012299719140801588,Preprocessor1_Model065
0.1,17,21,recall,macro,0.46851631087258594,10,0.00859876746376464,Preprocessor1_Model065
0.1,17,21,roc_auc,hand_till,0.7595454329388219,10,0.00452802614292548,Preprocessor1_Model065
1e-10,23,21,accuracy,multiclass,0.8131916006916007,10,0.009961956615330652,Preprocessor1_Model066
1e-10,23,21,gain_capture,macro,0.8904684750546178,10,0.008246151421403544,Preprocessor1_Model066
1e-10,23,21,precision,macro,0.814163266831958,10,0.009413194975254011,Preprocessor1_Model066
1e-10,23,21,recall,macro,0.813336459227998,10,0.010131795372970655,Preprocessor1_Model066
1e-10,23,21,roc_auc,hand_till,0.9456978706761869,10,0.004270502982538985,Preprocessor1_Model066
1.7782794100389228e-8,23,21,accuracy,multiclass,0.8131916006916007,10,0.009961956615330652,Preprocessor1_Model067
1.7782794100389228e-8,23,21,gain_capture,macro,0.8904684750546178,10,0.008246151421403544,Preprocessor1_Model067
1.7782794100389228e-8,23,21,precision,macro,0.814163266831958,10,0.009413194975254011,Preprocessor1_Model067
1.7782794100389228e-8,23,21,recall,macro,0.813336459227998,10,0.010131795372970655,Preprocessor1_Model067
1.7782794100389228e-8,23,21,roc_auc,hand_till,0.9456978706761869,10,0.004270502982538985,Preprocessor1_Model067
3.162277660168379e-6,23,21,accuracy,multiclass,0.8131916006916007,10,0.009961956615330652,Preprocessor1_Model068
3.162277660168379e-6,23,21,gain_capture,macro,0.8904684750546178,10,0.008246151421403544,Preprocessor1_Model068
3.162277660168379e-6,23,21,precision,macro,0.814163266831958,10,0.009413194975254011,Preprocessor1_Model068
3.162277660168379e-6,23,21,recall,macro,0.813336459227998,10,0.010131795372970655,Preprocessor1_Model068
3.162277660168379e-6,23,21,roc_auc,hand_till,0.9456978706761869,10,0.004270502982538985,Preprocessor1_Model068
5.623413251903491e-4,23,21,accuracy,multiclass,0.811501274001274,10,0.009056243887169187,Preprocessor1_Model069
5.623413251903491e-4,23,21,gain_capture,macro,0.8874735438165496,10,0.007863272700304378,Preprocessor1_Model069
5.623413251903491e-4,23,21,precision,macro,0.8120559712259268,10,0.008721235537483952,Preprocessor1_Model069
5.623413251903491e-4,23,21,recall,macro,0.8111466060929535,10,0.009211907901703963,Preprocessor1_Model069
5.623413251903491e-4,23,21,roc_auc,hand_till,0.9441776259105386,10,0.004058339578205471,Preprocessor1_Model069
0.1,23,21,accuracy,multiclass,0.4890151515151515,10,0.011803927132040992,Preprocessor1_Model070
0.1,23,21,gain_capture,macro,0.511573998078032,10,0.008866942048003385,Preprocessor1_Model070
0.1,23,21,precision,macro,0.5670950262698684,10,0.012299719140801588,Preprocessor1_Model070
0.1,23,21,recall,macro,0.46851631087258594,10,0.00859876746376464,Preprocessor1_Model070
0.1,23,21,roc_auc,hand_till,0.7595454329388219,10,0.00452802614292548,Preprocessor1_Model070
1e-10,30,21,accuracy,multiclass,0.8131916006916007,10,0.009961956615330652,Preprocessor1_Model071
1e-10,30,21,gain_capture,macro,0.8904684750546178,10,0.008246151421403544,Preprocessor1_Model071
1e-10,30,21,precision,macro,0.814163266831958,10,0.009413194975254011,Preprocessor1_Model071
1e-10,30,21,recall,macro,0.813336459227998,10,0.010131795372970655,Preprocessor1_Model071
1e-10,30,21,roc_auc,hand_till,0.9456978706761869,10,0.004270502982538985,Preprocessor1_Model071
1.7782794100389228e-8,30,21,accuracy,multiclass,0.8131916006916007,10,0.009961956615330652,Preprocessor1_Model072
1.7782794100389228e-8,30,21,gain_capture,macro,0.8904684750546178,10,0.008246151421403544,Preprocessor1_Model072
1.7782794100389228e-8,30,21,precision,macro,0.814163266831958,10,0.009413194975254011,Preprocessor1_Model072
1.7782794100389228e-8,30,21,recall,macro,0.813336459227998,10,0.010131795372970655,Preprocessor1_Model072
1.7782794100389228e-8,30,21,roc_auc,hand_till,0.9456978706761869,10,0.004270502982538985,Preprocessor1_Model072
3.162277660168379e-6,30,21,accuracy,multiclass,0.8131916006916007,10,0.009961956615330652,Preprocessor1_Model073
3.162277660168379e-6,30,21,gain_capture,macro,0.8904684750546178,10,0.008246151421403544,Preprocessor1_Model073
3.162277660168379e-6,30,21,precision,macro,0.814163266831958,10,0.009413194975254011,Preprocessor1_Model073
3.162277660168379e-6,30,21,recall,macro,0.813336459227998,10,0.010131795372970655,Preprocessor1_Model073
3.162277660168379e-6,30,21,roc_auc,hand_till,0.9456978706761869,10,0.004270502982538985,Preprocessor1_Model073
5.623413251903491e-4,30,21,accuracy,multiclass,0.811501274001274,10,0.009056243887169187,Preprocessor1_Model074
5.623413251903491e-4,30,21,gain_capture,macro,0.8874735438165496,10,0.007863272700304378,Preprocessor1_Model074
5.623413251903491e-4,30,21,precision,macro,0.8120559712259268,10,0.008721235537483952,Preprocessor1_Model074
5.623413251903491e-4,30,21,recall,macro,0.8111466060929535,10,0.009211907901703963,Preprocessor1_Model074
5.623413251903491e-4,30,21,roc_auc,hand_till,0.9441776259105386,10,0.004058339578205471,Preprocessor1_Model074
0.1,30,21,accuracy,multiclass,0.4890151515151515,10,0.011803927132040992,Preprocessor1_Model075
0.1,30,21,gain_capture,macro,0.511573998078032,10,0.008866942048003385,Preprocessor1_Model075
0.1,30,21,precision,macro,0.5670950262698684,10,0.012299719140801588,Preprocessor1_Model075
0.1,30,21,recall,macro,0.46851631087258594,10,0.00859876746376464,Preprocessor1_Model075
0.1,30,21,roc_auc,hand_till,0.7595454329388219,10,0.00452802614292548,Preprocessor1_Model075
1e-10,5,30,accuracy,multiclass,0.6691566566566567,10,0.007812732599797615,Preprocessor1_Model076
1e-10,5,30,gain_capture,macro,0.7953214869238727,10,0.009394346149542293,Preprocessor1_Model076
1e-10,5,30,precision,macro,0.7048967302057952,10,0.007700178575824287,Preprocessor1_Model076
1e-10,5,30,recall,macro,0.6749516996166509,10,0.009586217253600732,Preprocessor1_Model076
1e-10,5,30,roc_auc,hand_till,0.89873222403035,10,0.004665907758066028,Preprocessor1_Model076
1.7782794100389228e-8,5,30,accuracy,multiclass,0.6691566566566567,10,0.007812732599797615,Preprocessor1_Model077
1.7782794100389228e-8,5,30,gain_capture,macro,0.7953214869238727,10,0.009394346149542293,Preprocessor1_Model077
1.7782794100389228e-8,5,30,precision,macro,0.7048967302057952,10,0.007700178575824287,Preprocessor1_Model077
1.7782794100389228e-8,5,30,recall,macro,0.6749516996166509,10,0.009586217253600732,Preprocessor1_Model077
1.7782794100389228e-8,5,30,roc_auc,hand_till,0.89873222403035,10,0.004665907758066028,Preprocessor1_Model077
3.162277660168379e-6,5,30,accuracy,multiclass,0.6691566566566567,10,0.007812732599797615,Preprocessor1_Model078
3.162277660168379e-6,5,30,gain_capture,macro,0.7953214869238727,10,0.009394346149542293,Preprocessor1_Model078
3.162277660168379e-6,5,30,precision,macro,0.7048967302057952,10,0.007700178575824287,Preprocessor1_Model078
3.162277660168379e-6,5,30,recall,macro,0.6749516996166509,10,0.009586217253600732,Preprocessor1_Model078
3.162277660168379e-6,5,30,roc_auc,hand_till,0.89873222403035,10,0.004665907758066028,Preprocessor1_Model078
5.623413251903491e-4,5,30,accuracy,multiclass,0.6711768586768587,10,0.008003757812490039,Preprocessor1_Model079
5.623413251903491e-4,5,30,gain_capture,macro,0.7954330400550106,10,0.009316498389191361,Preprocessor1_Model079
5.623413251903491e-4,5,30,precision,macro,0.7066637896464445,10,0.007903793093812183,Preprocessor1_Model079
5.623413251903491e-4,5,30,recall,macro,0.6773845280179522,10,0.00990536172777159,Preprocessor1_Model079
5.623413251903491e-4,5,30,roc_auc,hand_till,0.898791174203645,10,0.004670823547194034,Preprocessor1_Model079
0.1,5,30,accuracy,multiclass,0.4890151515151515,10,0.011803927132040992,Preprocessor1_Model080
0.1,5,30,gain_capture,macro,0.511573998078032,10,0.008866942048003385,Preprocessor1_Model080
0.1,5,30,precision,macro,0.5670950262698684,10,0.012299719140801588,Preprocessor1_Model080
0.1,5,30,recall,macro,0.46851631087258594,10,0.00859876746376464,Preprocessor1_Model080
0.1,5,30,roc_auc,hand_till,0.7595454329388219,10,0.00452802614292548,Preprocessor1_Model080
1e-10,11,30,accuracy,multiclass,0.7997031122031122,10,0.010816738066187208,Preprocessor1_Model081
1e-10,11,30,gain_capture,macro,0.887651841059149,10,0.006828585813371533,Preprocessor1_Model081
1e-10,11,30,precision,macro,0.8020147025414696,10,0.010743016820690406,Preprocessor1_Model081
1e-10,11,30,recall,macro,0.7998022479199416,10,0.011683110757493292,Preprocessor1_Model081
1e-10,11,30,roc_auc,hand_till,0.9442248971459778,10,0.0035960970247674,Preprocessor1_Model081
1.7782794100389228e-8,11,30,accuracy,multiclass,0.7997031122031122,10,0.010816738066187208,Preprocessor1_Model082
1.7782794100389228e-8,11,30,gain_capture,macro,0.887651841059149,10,0.006828585813371533,Preprocessor1_Model082
1.7782794100389228e-8,11,30,precision,macro,0.8020147025414696,10,0.010743016820690406,Preprocessor1_Model082
1.7782794100389228e-8,11,30,recall,macro,0.7998022479199416,10,0.011683110757493292,Preprocessor1_Model082
1.7782794100389228e-8,11,30,roc_auc,hand_till,0.9442248971459778,10,0.0035960970247674,Preprocessor1_Model082
3.162277660168379e-6,11,30,accuracy,multiclass,0.7997031122031122,10,0.010816738066187208,Preprocessor1_Model083
3.162277660168379e-6,11,30,gain_capture,macro,0.887651841059149,10,0.006828585813371533,Preprocessor1_Model083
3.162277660168379e-6,11,30,precision,macro,0.8020147025414696,10,0.010743016820690406,Preprocessor1_Model083
3.162277660168379e-6,11,30,recall,macro,0.7998022479199416,10,0.011683110757493292,Preprocessor1_Model083
3.162277660168379e-6,11,30,roc_auc,hand_till,0.9442248971459778,10,0.0035960970247674,Preprocessor1_Model083
5.623413251903491e-4,11,30,accuracy,multiclass,0.7966648466648466,10,0.009789708397886192,Preprocessor1_Model084
5.623413251903491e-4,11,30,gain_capture,macro,0.8848980393304933,10,0.006010916658597883,Preprocessor1_Model084
5.623413251903491e-4,11,30,precision,macro,0.7985726959192926,10,0.009967414618013322,Preprocessor1_Model084
5.623413251903491e-4,11,30,recall,macro,0.7968403343100549,10,0.010821506381497053,Preprocessor1_Model084
5.623413251903491e-4,11,30,roc_auc,hand_till,0.9428338248327243,10,0.0032003579141881987,Preprocessor1_Model084
0.1,11,30,accuracy,multiclass,0.4890151515151515,10,0.011803927132040992,Preprocessor1_Model085
0.1,11,30,gain_capture,macro,0.511573998078032,10,0.008866942048003385,Preprocessor1_Model085
0.1,11,30,precision,macro,0.5670950262698684,10,0.012299719140801588,Preprocessor1_Model085
0.1,11,30,recall,macro,0.46851631087258594,10,0.00859876746376464,Preprocessor1_Model085
0.1,11,30,roc_auc,hand_till,0.7595454329388219,10,0.00452802614292548,Preprocessor1_Model085
1e-10,17,30,accuracy,multiclass,0.8003731003731004,10,0.010332022761276989,Preprocessor1_Model086
1e-10,17,30,gain_capture,macro,0.8891487812204957,10,0.006843889549556133,Preprocessor1_Model086
1e-10,17,30,precision,macro,0.8015654294744846,10,0.010365161434647163,Preprocessor1_Model086
1e-10,17,30,recall,macro,0.8002924580457018,10,0.011058728102820261,Preprocessor1_Model086
1e-10,17,30,roc_auc,hand_till,0.9450289159531543,10,0.003571894667473606,Preprocessor1_Model086
1.7782794100389228e-8,17,30,accuracy,multiclass,0.8003731003731004,10,0.010332022761276989,Preprocessor1_Model087
1.7782794100389228e-8,17,30,gain_capture,macro,0.8891487812204957,10,0.006843889549556133,Preprocessor1_Model087
1.7782794100389228e-8,17,30,precision,macro,0.8015654294744846,10,0.010365161434647163,Preprocessor1_Model087
1.7782794100389228e-8,17,30,recall,macro,0.8002924580457018,10,0.011058728102820261,Preprocessor1_Model087
1.7782794100389228e-8,17,30,roc_auc,hand_till,0.9450289159531543,10,0.003571894667473606,Preprocessor1_Model087
3.162277660168379e-6,17,30,accuracy,multiclass,0.8003731003731004,10,0.010332022761276989,Preprocessor1_Model088
3.162277660168379e-6,17,30,gain_capture,macro,0.8891487812204957,10,0.006843889549556133,Preprocessor1_Model088
3.162277660168379e-6,17,30,precision,macro,0.8015654294744846,10,0.010365161434647163,Preprocessor1_Model088
3.162277660168379e-6,17,30,recall,macro,0.8002924580457018,10,0.011058728102820261,Preprocessor1_Model088
3.162277660168379e-6,17,30,roc_auc,hand_till,0.9450289159531543,10,0.003571894667473606,Preprocessor1_Model088
5.623413251903491e-4,17,30,accuracy,multiclass,0.7973348348348348,10,0.009012720770096853,Preprocessor1_Model089
5.623413251903491e-4,17,30,gain_capture,macro,0.8863993826006519,10,0.005965683359890257,Preprocessor1_Model089
5.623413251903491e-4,17,30,precision,macro,0.7984606832101099,10,0.009326835366071153,Preprocessor1_Model089
5.623413251903491e-4,17,30,recall,macro,0.7973761767695831,10,0.00987530029124014,Preprocessor1_Model089
5.623413251903491e-4,17,30,roc_auc,hand_till,0.9436327965622658,10,0.0031460427964927896,Preprocessor1_Model089
0.1,17,30,accuracy,multiclass,0.4890151515151515,10,0.011803927132040992,Preprocessor1_Model090
0.1,17,30,gain_capture,macro,0.511573998078032,10,0.008866942048003385,Preprocessor1_Model090
0.1,17,30,precision,macro,0.5670950262698684,10,0.012299719140801588,Preprocessor1_Model090
0.1,17,30,recall,macro,0.46851631087258594,10,0.00859876746376464,Preprocessor1_Model090
0.1,17,30,roc_auc,hand_till,0.7595454329388219,10,0.00452802614292548,Preprocessor1_Model090
1e-10,23,30,accuracy,multiclass,0.8003731003731004,10,0.010332022761276989,Preprocessor1_Model091
1e-10,23,30,gain_capture,macro,0.8891487812204957,10,0.006843889549556133,Preprocessor1_Model091
1e-10,23,30,precision,macro,0.8015654294744846,10,0.010365161434647163,Preprocessor1_Model091
1e-10,23,30,recall,macro,0.8002924580457018,10,0.011058728102820261,Preprocessor1_Model091
1e-10,23,30,roc_auc,hand_till,0.9450289159531543,10,0.003571894667473606,Preprocessor1_Model091
1.7782794100389228e-8,23,30,accuracy,multiclass,0.8003731003731004,10,0.010332022761276989,Preprocessor1_Model092
1.7782794100389228e-8,23,30,gain_capture,macro,0.8891487812204957,10,0.006843889549556133,Preprocessor1_Model092
1.7782794100389228e-8,23,30,precision,macro,0.8015654294744846,10,0.010365161434647163,Preprocessor1_Model092
1.7782794100389228e-8,23,30,recall,macro,0.8002924580457018,10,0.011058728102820261,Preprocessor1_Model092
1.7782794100389228e-8,23,30,roc_auc,hand_till,0.9450289159531543,10,0.003571894667473606,Preprocessor1_Model092
3.162277660168379e-6,23,30,accuracy,multiclass,0.8003731003731004,10,0.010332022761276989,Preprocessor1_Model093
3.162277660168379e-6,23,30,gain_capture,macro,0.8891487812204957,10,0.006843889549556133,Preprocessor1_Model093
3.162277660168379e-6,23,30,precision,macro,0.8015654294744846,10,0.010365161434647163,Preprocessor1_Model093
3.162277660168379e-6,23,30,recall,macro,0.8002924580457018,10,0.011058728102820261,Preprocessor1_Model093
3.162277660168379e-6,23,30,roc_auc,hand_till,0.9450289159531543,10,0.003571894667473606,Preprocessor1_Model093
5.623413251903491e-4,23,30,accuracy,multiclass,0.7973348348348348,10,0.009012720770096853,Preprocessor1_Model094
5.623413251903491e-4,23,30,gain_capture,macro,0.8863993826006519,10,0.005965683359890257,Preprocessor1_Model094
5.623413251903491e-4,23,30,precision,macro,0.7984606832101099,10,0.009326835366071153,Preprocessor1_Model094
5.623413251903491e-4,23,30,recall,macro,0.7973761767695831,10,0.00987530029124014,Preprocessor1_Model094
5.623413251903491e-4,23,30,roc_auc,hand_till,0.9436327965622658,10,0.0031460427964927896,Preprocessor1_Model094
0.1,23,30,accuracy,multiclass,0.4890151515151515,10,0.011803927132040992,Preprocessor1_Model095
0.1,23,30,gain_capture,macro,0.511573998078032,10,0.008866942048003385,Preprocessor1_Model095
0.1,23,30,precision,macro,0.5670950262698684,10,0.012299719140801588,Preprocessor1_Model095
0.1,23,30,recall,macro,0.46851631087258594,10,0.00859876746376464,Preprocessor1_Model095
0.1,23,30,roc_auc,hand_till,0.7595454329388219,10,0.00452802614292548,Preprocessor1_Model095
1e-10,30,30,accuracy,multiclass,0.8003731003731004,10,0.010332022761276989,Preprocessor1_Model096
1e-10,30,30,gain_capture,macro,0.8891487812204957,10,0.006843889549556133,Preprocessor1_Model096
1e-10,30,30,precision,macro,0.8015654294744846,10,0.010365161434647163,Preprocessor1_Model096
1e-10,30,30,recall,macro,0.8002924580457018,10,0.011058728102820261,Preprocessor1_Model096
1e-10,30,30,roc_auc,hand_till,0.9450289159531543,10,0.003571894667473606,Preprocessor1_Model096
1.7782794100389228e-8,30,30,accuracy,multiclass,0.8003731003731004,10,0.010332022761276989,Preprocessor1_Model097
1.7782794100389228e-8,30,30,gain_capture,macro,0.8891487812204957,10,0.006843889549556133,Preprocessor1_Model097
1.7782794100389228e-8,30,30,precision,macro,0.8015654294744846,10,0.010365161434647163,Preprocessor1_Model097
1.7782794100389228e-8,30,30,recall,macro,0.8002924580457018,10,0.011058728102820261,Preprocessor1_Model097
1.7782794100389228e-8,30,30,roc_auc,hand_till,0.9450289159531543,10,0.003571894667473606,Preprocessor1_Model097
3.162277660168379e-6,30,30,accuracy,multiclass,0.8003731003731004,10,0.010332022761276989,Preprocessor1_Model098
3.162277660168379e-6,30,30,gain_capture,macro,0.8891487812204957,10,0.006843889549556133,Preprocessor1_Model098
3.162277660168379e-6,30,30,precision,macro,0.8015654294744846,10,0.010365161434647163,Preprocessor1_Model098
3.162277660168379e-6,30,30,recall,macro,0.8002924580457018,10,0.011058728102820261,Preprocessor1_Model098
3.162277660168379e-6,30,30,roc_auc,hand_till,0.9450289159531543,10,0.003571894667473606,Preprocessor1_Model098
5.623413251903491e-4,30,30,accuracy,multiclass,0.7973348348348348,10,0.009012720770096853,Preprocessor1_Model099
5.623413251903491e-4,30,30,gain_capture,macro,0.8863993826006519,10,0.005965683359890257,Preprocessor1_Model099
5.623413251903491e-4,30,30,precision,macro,0.7984606832101099,10,0.009326835366071153,Preprocessor1_Model099
5.623413251903491e-4,30,30,recall,macro,0.7973761767695831,10,0.00987530029124014,Preprocessor1_Model099
5.623413251903491e-4,30,30,roc_auc,hand_till,0.9436327965622658,10,0.0031460427964927896,Preprocessor1_Model099
0.1,30,30,accuracy,multiclass,0.4890151515151515,10,0.011803927132040992,Preprocessor1_Model100
0.1,30,30,gain_capture,macro,0.511573998078032,10,0.008866942048003385,Preprocessor1_Model100
0.1,30,30,precision,macro,0.5670950262698684,10,0.012299719140801588,Preprocessor1_Model100
0.1,30,30,recall,macro,0.46851631087258594,10,0.00859876746376464,Preprocessor1_Model100
0.1,30,30,roc_auc,hand_till,0.7595454329388219,10,0.00452802614292548,Preprocessor1_Model100
1e-10,5,40,accuracy,multiclass,0.6644326144326145,10,0.008230293072282308,Preprocessor1_Model101
1e-10,5,40,gain_capture,macro,0.7922676428827379,10,0.009409121632352881,Preprocessor1_Model101
1e-10,5,40,precision,macro,0.696346148157408,10,0.008404441312031247,Preprocessor1_Model101
1e-10,5,40,recall,macro,0.6712461892829531,10,0.010134277094462922,Preprocessor1_Model101
1e-10,5,40,roc_auc,hand_till,0.8971332747604343,10,0.004696144830284586,Preprocessor1_Model101
1.7782794100389228e-8,5,40,accuracy,multiclass,0.6644326144326145,10,0.008230293072282308,Preprocessor1_Model102
1.7782794100389228e-8,5,40,gain_capture,macro,0.7922676428827379,10,0.009409121632352881,Preprocessor1_Model102
1.7782794100389228e-8,5,40,precision,macro,0.696346148157408,10,0.008404441312031247,Preprocessor1_Model102
1.7782794100389228e-8,5,40,recall,macro,0.6712461892829531,10,0.010134277094462922,Preprocessor1_Model102
1.7782794100389228e-8,5,40,roc_auc,hand_till,0.8971332747604343,10,0.004696144830284586,Preprocessor1_Model102
3.162277660168379e-6,5,40,accuracy,multiclass,0.6644326144326145,10,0.008230293072282308,Preprocessor1_Model103
3.162277660168379e-6,5,40,gain_capture,macro,0.7922676428827379,10,0.009409121632352881,Preprocessor1_Model103
3.162277660168379e-6,5,40,precision,macro,0.696346148157408,10,0.008404441312031247,Preprocessor1_Model103
3.162277660168379e-6,5,40,recall,macro,0.6712461892829531,10,0.010134277094462922,Preprocessor1_Model103
3.162277660168379e-6,5,40,roc_auc,hand_till,0.8971332747604343,10,0.004696144830284586,Preprocessor1_Model103
5.623413251903491e-4,5,40,accuracy,multiclass,0.6647659022659023,10,0.008354633739659365,Preprocessor1_Model104
5.623413251903491e-4,5,40,gain_capture,macro,0.7911923556106808,10,0.008994214778705127,Preprocessor1_Model104
5.623413251903491e-4,5,40,precision,macro,0.6967891415173901,10,0.008458071391968938,Preprocessor1_Model104
5.623413251903491e-4,5,40,recall,macro,0.6713109318616288,10,0.010079384150880303,Preprocessor1_Model104
5.623413251903491e-4,5,40,roc_auc,hand_till,0.8965976207108588,10,0.004556629746326909,Preprocessor1_Model104
0.1,5,40,accuracy,multiclass,0.4890151515151515,10,0.011803927132040992,Preprocessor1_Model105
0.1,5,40,gain_capture,macro,0.511573998078032,10,0.008866942048003385,Preprocessor1_Model105
0.1,5,40,precision,macro,0.5670950262698684,10,0.012299719140801588,Preprocessor1_Model105
0.1,5,40,recall,macro,0.46851631087258594,10,0.00859876746376464,Preprocessor1_Model105
0.1,5,40,roc_auc,hand_till,0.7595454329388219,10,0.00452802614292548,Preprocessor1_Model105
1e-10,11,40,accuracy,multiclass,0.7895850395850396,10,0.011530005652251674,Preprocessor1_Model106
1e-10,11,40,gain_capture,macro,0.8814900897792758,10,0.006480443263979457,Preprocessor1_Model106
1e-10,11,40,precision,macro,0.7919253170801126,10,0.011802667648431152,Preprocessor1_Model106
1e-10,11,40,recall,macro,0.7907633390133282,10,0.012349871124084538,Preprocessor1_Model106
1e-10,11,40,roc_auc,hand_till,0.9412028996036619,10,0.003464846095190485,Preprocessor1_Model106
1.7782794100389228e-8,11,40,accuracy,multiclass,0.7895850395850396,10,0.011530005652251674,Preprocessor1_Model107
1.7782794100389228e-8,11,40,gain_capture,macro,0.8814900897792758,10,0.006480443263979457,Preprocessor1_Model107
1.7782794100389228e-8,11,40,precision,macro,0.7919253170801126,10,0.011802667648431152,Preprocessor1_Model107
1.7782794100389228e-8,11,40,recall,macro,0.7907633390133282,10,0.012349871124084538,Preprocessor1_Model107
1.7782794100389228e-8,11,40,roc_auc,hand_till,0.9412028996036619,10,0.003464846095190485,Preprocessor1_Model107
3.162277660168379e-6,11,40,accuracy,multiclass,0.7895850395850396,10,0.011530005652251674,Preprocessor1_Model108
3.162277660168379e-6,11,40,gain_capture,macro,0.8814900897792758,10,0.006480443263979457,Preprocessor1_Model108
3.162277660168379e-6,11,40,precision,macro,0.7919253170801126,10,0.011802667648431152,Preprocessor1_Model108
3.162277660168379e-6,11,40,recall,macro,0.7907633390133282,10,0.012349871124084538,Preprocessor1_Model108
3.162277660168379e-6,11,40,roc_auc,hand_till,0.9412028996036619,10,0.003464846095190485,Preprocessor1_Model108
5.623413251903491e-4,11,40,accuracy,multiclass,0.7851988351988352,10,0.010603023391786811,Preprocessor1_Model109
5.623413251903491e-4,11,40,gain_capture,macro,0.8771479223688554,10,0.005935753413141415,Preprocessor1_Model109
5.623413251903491e-4,11,40,precision,macro,0.7864814890698749,10,0.010780476861100922,Preprocessor1_Model109
5.623413251903491e-4,11,40,recall,macro,0.7858679160132865,10,0.011477955804971133,Preprocessor1_Model109
5.623413251903491e-4,11,40,roc_auc,hand_till,0.9391000897109272,10,0.003169044604666472,Preprocessor1_Model109
0.1,11,40,accuracy,multiclass,0.4890151515151515,10,0.011803927132040992,Preprocessor1_Model110
0.1,11,40,gain_capture,macro,0.511573998078032,10,0.008866942048003385,Preprocessor1_Model110
0.1,11,40,precision,macro,0.5670950262698684,10,0.012299719140801588,Preprocessor1_Model110
0.1,11,40,recall,macro,0.46851631087258594,10,0.00859876746376464,Preprocessor1_Model110
0.1,11,40,roc_auc,hand_till,0.7595454329388219,10,0.00452802614292548,Preprocessor1_Model110
1e-10,17,40,accuracy,multiclass,0.7919419419419419,10,0.01150483990998681,Preprocessor1_Model111
1e-10,17,40,gain_capture,macro,0.8836326768957632,10,0.0065124541501267305,Preprocessor1_Model111
1e-10,17,40,precision,macro,0.7929643848611282,10,0.011891014381980688,Preprocessor1_Model111
1e-10,17,40,recall,macro,0.7927234051553131,10,0.012244898011505877,Preprocessor1_Model111
1e-10,17,40,roc_auc,hand_till,0.9422629820239705,10,0.003465217349054267,Preprocessor1_Model111
1.7782794100389228e-8,17,40,accuracy,multiclass,0.7919419419419419,10,0.01150483990998681,Preprocessor1_Model112
1.7782794100389228e-8,17,40,gain_capture,macro,0.8836326768957632,10,0.0065124541501267305,Preprocessor1_Model112
1.7782794100389228e-8,17,40,precision,macro,0.7929643848611282,10,0.011891014381980688,Preprocessor1_Model112
1.7782794100389228e-8,17,40,recall,macro,0.7927234051553131,10,0.012244898011505877,Preprocessor1_Model112
1.7782794100389228e-8,17,40,roc_auc,hand_till,0.9422629820239705,10,0.003465217349054267,Preprocessor1_Model112
3.162277660168379e-6,17,40,accuracy,multiclass,0.7919419419419419,10,0.01150483990998681,Preprocessor1_Model113
3.162277660168379e-6,17,40,gain_capture,macro,0.8836326768957632,10,0.0065124541501267305,Preprocessor1_Model113
3.162277660168379e-6,17,40,precision,macro,0.7929643848611282,10,0.011891014381980688,Preprocessor1_Model113
3.162277660168379e-6,17,40,recall,macro,0.7927234051553131,10,0.012244898011505877,Preprocessor1_Model113
3.162277660168379e-6,17,40,roc_auc,hand_till,0.9422629820239705,10,0.003465217349054267,Preprocessor1_Model113
5.623413251903491e-4,17,40,accuracy,multiclass,0.7878924378924379,10,0.010243234733497392,Preprocessor1_Model114
5.623413251903491e-4,17,40,gain_capture,macro,0.8794076137690388,10,0.005918343061849113,Preprocessor1_Model114
5.623413251903491e-4,17,40,precision,macro,0.7885004113074943,10,0.010558896321902997,Preprocessor1_Model114
5.623413251903491e-4,17,40,recall,macro,0.7882582298736549,10,0.011026268999230522,Preprocessor1_Model114
5.623413251903491e-4,17,40,roc_auc,hand_till,0.9402038353971092,10,0.0031550190488224884,Preprocessor1_Model114
0.1,17,40,accuracy,multiclass,0.4890151515151515,10,0.011803927132040992,Preprocessor1_Model115
0.1,17,40,gain_capture,macro,0.511573998078032,10,0.008866942048003385,Preprocessor1_Model115
0.1,17,40,precision,macro,0.5670950262698684,10,0.012299719140801588,Preprocessor1_Model115
0.1,17,40,recall,macro,0.46851631087258594,10,0.00859876746376464,Preprocessor1_Model115
0.1,17,40,roc_auc,hand_till,0.7595454329388219,10,0.00452802614292548,Preprocessor1_Model115
1e-10,23,40,accuracy,multiclass,0.7919419419419419,10,0.01150483990998681,Preprocessor1_Model116
1e-10,23,40,gain_capture,macro,0.8836326768957632,10,0.0065124541501267305,Preprocessor1_Model116
1e-10,23,40,precision,macro,0.7929643848611282,10,0.011891014381980688,Preprocessor1_Model116
1e-10,23,40,recall,macro,0.7927234051553131,10,0.012244898011505877,Preprocessor1_Model116
1e-10,23,40,roc_auc,hand_till,0.9422629820239705,10,0.003465217349054267,Preprocessor1_Model116
1.7782794100389228e-8,23,40,accuracy,multiclass,0.7919419419419419,10,0.01150483990998681,Preprocessor1_Model117
1.7782794100389228e-8,23,40,gain_capture,macro,0.8836326768957632,10,0.0065124541501267305,Preprocessor1_Model117
1.7782794100389228e-8,23,40,precision,macro,0.7929643848611282,10,0.011891014381980688,Preprocessor1_Model117
1.7782794100389228e-8,23,40,recall,macro,0.7927234051553131,10,0.012244898011505877,Preprocessor1_Model117
1.7782794100389228e-8,23,40,roc_auc,hand_till,0.9422629820239705,10,0.003465217349054267,Preprocessor1_Model117
3.162277660168379e-6,23,40,accuracy,multiclass,0.7919419419419419,10,0.01150483990998681,Preprocessor1_Model118
3.162277660168379e-6,23,40,gain_capture,macro,0.8836326768957632,10,0.0065124541501267305,Preprocessor1_Model118
3.162277660168379e-6,23,40,precision,macro,0.7929643848611282,10,0.011891014381980688,Preprocessor1_Model118
3.162277660168379e-6,23,40,recall,macro,0.7927234051553131,10,0.012244898011505877,Preprocessor1_Model118
3.162277660168379e-6,23,40,roc_auc,hand_till,0.9422629820239705,10,0.003465217349054267,Preprocessor1_Model118
5.623413251903491e-4,23,40,accuracy,multiclass,0.7878924378924379,10,0.010243234733497392,Preprocessor1_Model119
5.623413251903491e-4,23,40,gain_capture,macro,0.8794076137690388,10,0.005918343061849113,Preprocessor1_Model119
5.623413251903491e-4,23,40,precision,macro,0.7885004113074943,10,0.010558896321902997,Preprocessor1_Model119
5.623413251903491e-4,23,40,recall,macro,0.7882582298736549,10,0.011026268999230522,Preprocessor1_Model119
5.623413251903491e-4,23,40,roc_auc,hand_till,0.9402038353971092,10,0.0031550190488224884,Preprocessor1_Model119
0.1,23,40,accuracy,multiclass,0.4890151515151515,10,0.011803927132040992,Preprocessor1_Model120
0.1,23,40,gain_capture,macro,0.511573998078032,10,0.008866942048003385,Preprocessor1_Model120
0.1,23,40,precision,macro,0.5670950262698684,10,0.012299719140801588,Preprocessor1_Model120
0.1,23,40,recall,macro,0.46851631087258594,10,0.00859876746376464,Preprocessor1_Model120
0.1,23,40,roc_auc,hand_till,0.7595454329388219,10,0.00452802614292548,Preprocessor1_Model120
1e-10,30,40,accuracy,multiclass,0.7919419419419419,10,0.01150483990998681,Preprocessor1_Model121
1e-10,30,40,gain_capture,macro,0.8836326768957632,10,0.0065124541501267305,Preprocessor1_Model121
1e-10,30,40,precision,macro,0.7929643848611282,10,0.011891014381980688,Preprocessor1_Model121
1e-10,30,40,recall,macro,0.7927234051553131,10,0.012244898011505877,Preprocessor1_Model121
1e-10,30,40,roc_auc,hand_till,0.9422629820239705,10,0.003465217349054267,Preprocessor1_Model121
1.7782794100389228e-8,30,40,accuracy,multiclass,0.7919419419419419,10,0.01150483990998681,Preprocessor1_Model122
1.7782794100389228e-8,30,40,gain_capture,macro,0.8836326768957632,10,0.0065124541501267305,Preprocessor1_Model122
1.7782794100389228e-8,30,40,precision,macro,0.7929643848611282,10,0.011891014381980688,Preprocessor1_Model122
1.7782794100389228e-8,30,40,recall,macro,0.7927234051553131,10,0.012244898011505877,Preprocessor1_Model122
1.7782794100389228e-8,30,40,roc_auc,hand_till,0.9422629820239705,10,0.003465217349054267,Preprocessor1_Model122
3.162277660168379e-6,30,40,accuracy,multiclass,0.7919419419419419,10,0.01150483990998681,Preprocessor1_Model123
3.162277660168379e-6,30,40,gain_capture,macro,0.8836326768957632,10,0.0065124541501267305,Preprocessor1_Model123
3.162277660168379e-6,30,40,precision,macro,0.7929643848611282,10,0.011891014381980688,Preprocessor1_Model123
3.162277660168379e-6,30,40,recall,macro,0.7927234051553131,10,0.012244898011505877,Preprocessor1_Model123
3.162277660168379e-6,30,40,roc_auc,hand_till,0.9422629820239705,10,0.003465217349054267,Preprocessor1_Model123
5.623413251903491e-4,30,40,accuracy,multiclass,0.7878924378924379,10,0.010243234733497392,Preprocessor1_Model124
5.623413251903491e-4,30,40,gain_capture,macro,0.8794076137690388,10,0.005918343061849113,Preprocessor1_Model124
5.623413251903491e-4,30,40,precision,macro,0.7885004113074943,10,0.010558896321902997,Preprocessor1_Model124
5.623413251903491e-4,30,40,recall,macro,0.7882582298736549,10,0.011026268999230522,Preprocessor1_Model124
5.623413251903491e-4,30,40,roc_auc,hand_till,0.9402038353971092,10,0.0031550190488224884,Preprocessor1_Model124
0.1,30,40,accuracy,multiclass,0.4890151515151515,10,0.011803927132040992,Preprocessor1_Model125
0.1,30,40,gain_capture,macro,0.511573998078032,10,0.008866942048003385,Preprocessor1_Model125
0.1,30,40,precision,macro,0.5670950262698684,10,0.012299719140801588,Preprocessor1_Model125
0.1,30,40,recall,macro,0.46851631087258594,10,0.00859876746376464,Preprocessor1_Model125
0.1,30,40,roc_auc,hand_till,0.7595454329388219,10,0.00452802614292548,Preprocessor1_Model125
