ID_Num,Preference
2,0
5,1
6,0
12,0
14,0
20,1
22,0
27,1
31,0
36,1
39,0
40,1
42,0
45,1
49,0
53,0
59,0
61,1
62,1
65,1
78,1
104,1
105,1
106,0
113,0
119,0
122,1
130,0
131,0
135,1
137,0
139,1
141,1
143,1
144,1
146,1
150,1
168,1
172,1
184,0
196,1
197,1
203,0
206,0
210,0
218,1
223,1
224,1
232,0
233,0
239,1
242,0
243,1
261,0
265,0
266,0
277,0
285,1
289,0
291,1
294,0
300,0
302,0
304,0
307,0
308,0
315,1
317,0
318,0
325,1
330,1
335,0
346,1
360,0
361,1
364,0
373,1
375,0
378,0
380,0
387,0
389,0
393,1
394,0
412,0
417,1
418,0
424,0
427,1
441,0
447,0
456,0
458,0
459,1
465,0
467,1
470,1
471,0
475,0
477,0
478,1
482,0
487,0
489,1
490,0
492,0
495,0
498,1
513,0
519,0
527,0
529,0
545,0
549,1
550,1
553,0
565,1
570,1
572,0
582,0
586,1
595,1
599,1
603,0
605,1
608,1
611,1
614,0
616,1
623,1
630,1
643,1
644,1
645,1
648,0
656,1
658,0
665,0
669,0
670,1
673,1
674,0
676,0
680,0
682,1
690,1
697,1
715,0
716,0
741,1
745,1
763,0
770,1
771,1
778,1
779,1
788,1
792,1
802,0
803,1
806,1
815,0
816,0
830,1
832,1
838,1
839,1
842,1
865,1
875,0
876,1
878,1
881,0
883,1
888,0
889,0
890,0
897,1
898,1
899,0
904,1
907,1
911,1
912,1
914,1
915,0
927,0
930,0
937,1
946,0
947,0
952,0
955,0
964,0
965,1
967,1
973,0
984,1
986,0
988,0
989,1
991,1
994,0
1005,0
1006,1
1012,1
1016,1
1019,0
1021,0
1022,0
1025,0
1031,0
1032,0
1034,0
1036,1
1037,0
1038,1
1039,1
1058,0
1065,1
1068,0
1075,1
1082,0
1090,1
1092,1
1093,0
1099,1
1107,1
1108,1
1116,1
1123,1
1124,1
1127,0
1150,1
1156,1
1159,0
1161,1
1163,1
1164,1
1173,1
1176,1
1178,1
1187,0
1190,0
1191,0
1192,0
1194,1
1195,1
1202,1
1204,1
1208,1
1209,1
1220,1
1223,0
1224,0
1231,0
1240,1
1242,1
1247,0
1258,0
1266,0
1267,0
1268,1
1278,1
1283,1
1289,0
1292,1
1294,1
1298,0
1301,1
1312,1
1313,0
1315,0
1324,0
1326,1
1330,1
1334,1
1335,0
1336,1
1338,1
1344,0
1348,0
1349,1
1350,0
1351,0
1357,1
1362,1
1363,1
1376,1
1380,0
1382,1
1387,1
1388,0
1396,1
1408,1
1414,0
1417,0
1421,0
1430,0
1433,0
1438,1
1441,1
1452,0
1456,0
1462,1
1468,1
1477,1
1478,0
1481,1
1482,0
1487,1
1494,0
1495,1
1518,1
1519,0
1527,0
1529,1
1549,0
1551,0
1553,0
1559,0
1563,1
1564,1
1567,0
1571,1
1581,0
1588,0
1595,1
1598,0
1605,1
1608,1
1610,1
1613,0
1625,0
1626,1
1636,0
1638,1
1652,0
1656,1
1657,0
1658,0
1663,0
1666,0
1674,0
1685,0
1690,0
1692,0
1696,1
1700,1
1702,1
1703,0
1705,0
1715,0
1720,0
1730,1
1731,0
1733,0
1734,1
1748,0
1750,1
1752,1
1753,0
1755,0
1756,0
1757,0
1763,0
1767,1
1792,1
1794,1
1795,0
1801,0
1811,0
1813,0
1817,1
1823,1
1824,1
1832,0
1835,1
1838,1
1839,0
1849,1
1850,0
1851,1
1856,0
1857,1
1859,0
1880,0
1886,1
1893,0
1898,1
1910,1
1914,1
1915,1
1917,0
1919,0
1938,0
1941,1
1942,1
1943,0
1945,1
1946,0
1949,1
1950,1
1956,0
1958,1
1959,0
1962,0
1963,1
1971,0
1986,0
1992,0
1996,1
2001,0
2002,0
2003,1
2004,0
2008,0
2010,0
2014,0
2019,1
2021,0
2033,1
2040,1
2041,0
2048,0
2057,0
2059,1
2060,1
2065,0
2072,0
2082,0
2085,1
2086,1
2094,1
2097,1
2099,1
2102,0
2105,0
2106,0
2107,1
2108,0
2109,1
2121,0
2129,0
2132,1
2144,0
2162,1
2163,0
2164,1
2165,0
2170,0
2175,0
2177,1
2184,0
2186,0
2193,1
2210,1
2222,0
2223,1
2225,1
2230,1
2236,1
2243,0
2252,1
2253,1
2260,1
2263,0
2265,1
2279,1
2286,0
2290,1
2293,1
2294,1
2301,0
2307,1
2328,1
2333,1
2339,1
2345,0
2348,0
2356,0
2359,0
2363,1
2371,1
2373,1
2374,0
2376,1
2397,0
2402,0
2403,0
2406,1
2412,0
2418,0
2419,1
2420,0
2421,0
2422,0
2441,1
2449,0
2459,1
2462,1
2466,0
2481,1
2484,1
2490,1
2504,0
2509,1
2510,0
2511,0
2520,0
2521,0
2524,0
2528,1
2532,0
2535,1
2536,1
2537,1
2550,0
2554,1
2555,1
2560,1
2561,1
2565,0
2569,0
2583,1
2588,1
2594,1
2596,1
2598,0
2601,0
2607,0
2618,0
2620,0
2622,1
2629,1
2639,0
2643,0
2645,1
2647,0
2660,1
2661,1
2662,0
2673,1
2677,0
2680,0
2681,0
2689,1
2696,1
2701,1
2707,1
2718,1
2730,1
2732,1
2739,0
2749,0
2763,1
2770,0
2777,0
2778,1
2782,0
2787,0
2797,0
2799,1
2800,1
2818,1
2820,1
2831,0
2835,0
2837,1
2843,1
2848,0
2851,1
2854,0
2855,0
2862,0
2865,0
2875,0
2879,0
2882,0
2883,0
2885,0
2893,0
2899,0
2901,1
2902,1
2903,1
2904,1
2905,0
2910,0
2916,1
2919,0
2927,0
2930,0
2934,1
2944,0
2948,0
2950,1
2952,1
2956,1
2958,1
2960,0
2962,0
2963,0
2964,1
2973,0
2975,0
2977,1
2995,0
3006,1
3007,1
3008,1
3010,1
3011,1
3015,0
3016,0
3017,1
3023,0
3029,0
3032,1
3048,0
3049,0
3052,0
3055,0
3061,1
3062,1
3063,0
3064,0
3066,0
3068,0
3071,1
3073,0
3079,1
3082,1
3084,0
3086,1
3088,1
3091,0
3094,1
3098,1
3099,0
3102,0
3115,0
3135,1
3139,0
3149,0
3151,0
3152,0
3153,0
3159,1
3163,1
3166,0
3175,0
3182,0
3194,0
3195,0
3196,0
3199,0
3205,1
3206,1
3208,1
3209,1
3210,1
3214,0
3219,1
3225,0
3238,0
3242,0
3245,1
3253,1
3260,0
3264,0
3283,0
3288,1
3289,0
3290,0
3292,1
3297,1
3298,0
3301,1
3308,0
3326,1
3329,0
3334,1
3348,1
3350,0
3356,1
3359,0
3361,0
3362,1
3364,1
3374,0
3376,1
3385,0
3389,1
3390,1
3395,0
3404,0
3405,0
3415,1
3416,0
3422,1
3427,0
3428,0
3434,0
3439,1
3440,1
3441,0
3443,1
3445,1
3454,1
3466,1
3477,1
3478,0
3481,0
3491,0
3493,1
3496,0
3505,1
3514,0
3515,1
3527,0
3529,1
3532,0
3540,0
3546,0
3548,1
3563,1
3564,1
3570,1
3573,0
3576,0
3583,0
3612,0
3613,0
3631,0
3637,0
3641,1
3646,1
3651,1
3671,1
3675,0
3677,0
3684,1
3688,0
3690,1
3696,1
3697,0
3702,1
3703,1
3709,1
3719,0
3722,0
3727,0
3749,0
3752,0
3758,0
3772,0
3778,1
3781,0
3786,0
3788,1
3792,0
3793,0
3797,0
3806,1
3810,1
3816,1
3817,0
3827,0
3829,0
3850,0
3852,1
3854,1
3868,0
3873,1
3876,0
3879,0
3882,0
3887,1
3890,1
3892,1
3894,1
3898,1
3899,0
3907,0
3923,1
3930,1
3932,1
3934,1
3939,0
3947,1
3960,0
3967,1
3970,0
3973,0
3977,0
3978,1
3980,0
3991,1
3992,1
3994,0
4001,1
4005,1
4007,0
4019,1
4024,1
4025,1
4026,0
4030,1
4031,1
4032,0
4035,0
4048,0
4053,1
4054,0
4056,1
4058,0
4059,1
4061,0
4071,0
4073,0
4080,1
4082,1
4092,1
4098,1
4107,1
4109,1
4110,1
4134,0
4144,1
4147,1
4150,1
4153,1
4159,0
4162,0
4163,1
4174,0
4177,1
4178,1
4181,1
4185,0
4189,1
4192,0
4193,0
4201,0
4212,1
4225,1
4230,1
4233,1
4237,1
4241,1
4242,1
4244,1
4247,1
4262,0
4274,1
4291,1
4306,0
4307,1
4311,0
4314,1
4315,1
4333,1
4335,0
4337,1
4339,0
4347,1
4351,1
4353,0
4354,1
4358,0
4368,0
4384,0
4387,1
4392,1
4395,0
4407,1
4410,1
4414,0
4417,1
4420,0
4421,0
4427,0
4431,1
4434,1
4437,0
4438,0
4441,0
4442,1
4443,0
4445,1
4449,0
4469,0
4471,0
4475,1
4476,1
4483,0
4494,0
4510,0
4515,1
4520,1
4522,1
4523,1
4524,0
4528,0
4529,1
4531,1
4538,1
4541,1
4544,1
4552,1
4557,0
4563,0
4566,0
4568,0
4569,1
4574,1
4581,1
4585,0
4594,0
4606,0
4607,1
4620,0
4630,1
4636,0
4641,1
4643,1
4657,0
4659,0
4660,0
4664,0
4669,1
4670,0
4671,1
4675,1
4679,0
4680,1
4685,0
4697,0
4698,1
4706,1
4707,1
4709,1
4710,0
4711,1
4727,0
4735,0
4736,0
4737,0
4741,1
4742,1
4750,0
4759,0
4761,0
4763,1
4764,1
4772,1
4775,0
4779,0
4781,1
4782,0
4787,1
4799,0
4801,0
4803,1
4806,1
4809,1
4814,1
4819,1
4820,0
4823,0
4824,0
4826,1
4829,1
4837,0
4849,1
4851,0
4852,0
4856,1
4864,1
4866,0
4867,1
4871,0
4873,0
4876,0
4885,0
4890,0
4895,0
4896,1
4898,0
4901,0
4905,0
4907,0
4933,1
4943,1
4945,0
4946,1
4951,1
4962,1
4963,1
4967,1
4988,1
4994,1
5009,0
5014,0
5019,1
5026,1
5029,1
5030,0
5031,1
5033,0
5038,1
5040,1
5043,0
5044,1
5046,1
5048,0
5054,1
5055,1
5056,0
5059,1
5062,0
5063,0
5068,1
5070,1
5086,1
5088,1
5106,0
5119,0
5122,0
5129,0
5133,1
5135,0
5147,0
5155,1
5158,0
5166,0
5176,0
5179,0
5183,1
5192,1
5197,1
5202,1
5208,1
5218,1
5227,0
5234,1
5255,0
5257,1
5259,0
5262,1
5263,1
5280,1
5290,1
5297,0
5301,1
5304,1
5306,1
5331,1
5334,1
5336,1
5348,1
5352,1
5354,0
5355,1
5361,1
5365,1
5366,1
5368,0
5373,1
5374,0
5379,0
5382,0
5383,0
5397,1
5400,0
5403,1
5407,0
5410,0
5414,1
5422,1
5423,0
5425,1
5427,1
5429,0
5440,0
5442,0
5447,1
5451,1
5461,0
5475,0
5485,1
5494,0
5509,1
5522,0
5527,1
5528,1
5529,1
5532,1
5539,0
5544,0
5545,1
5565,0
5576,0
5579,1
5590,0
5593,1
5598,1
5607,1
5608,1
5612,1
5613,1
5616,1
5621,1
5623,1
5624,1
5630,0
5647,1
5652,0
5655,0
5659,0
5666,1
5679,0
5680,0
5686,0
5687,1
5697,1
5698,0
5706,0
5723,1
5724,1
5728,0
5731,0
5738,1
5742,1
5746,0
5761,0
5769,1
5774,0
5777,0
5788,0
5797,0
5799,0
5800,0
5803,0
5804,1
5807,0
5810,0
5816,1
5819,1
5827,0
5835,1
5840,0
5842,0
5854,0
5858,1
5862,1
5864,0
5867,1
5869,1
5876,1
5878,1
5880,0
5881,0
5886,0
5888,0
5890,0
5903,1
5908,1
5913,0
5917,1
5918,0
5921,1
5931,1
5933,0
5940,0
5941,0
5944,0
5951,0
5954,1
5957,0
5958,1
5961,0
5967,1
5973,0
5976,0
5980,0
5984,1
5987,1
5992,0
5993,0
5995,0
6000,0
6004,1
6005,1
6006,0
6009,1
6014,1
6017,0
6018,1
6019,1
6021,1
6022,1
6036,0
6044,0
6052,0
6054,0
6059,0
6063,1
6064,1
6071,1
6077,1
6080,0
6081,1
6091,0
6094,0
6103,0
6108,0
6112,1
6119,1
6123,1
6132,1
6134,0
6135,0
6137,1
6143,1
6145,0
6148,0
6158,0
6160,0
6163,0
6168,1
6173,1
6175,0
6181,1
6183,0
6184,1
6187,1
6190,0
6197,0
6198,1
6218,1
6219,0
6232,1
6234,1
6240,0
6248,0
6253,0
6254,1
6259,0
6266,1
6269,1
6276,0
6280,0
6282,0
6285,0
6297,0
6307,0
6318,1
6322,1
6324,1
6325,0
6326,0
6334,1
6335,0
6341,0
6356,1
6358,0
6359,1
6362,0
6372,0
6382,1
6383,0
6404,1
6406,0
6413,1
6416,1
6428,1
6442,0
6443,0
6454,1
6455,0
6458,1
6464,0
6465,1
6467,0
6478,1
6480,1
6485,0
6486,1
6489,1
6490,0
6493,1
6495,1
6499,1
6508,1
6517,0
6523,0
6532,0
6533,1
6537,1
6543,0
6548,1
6550,1
6551,0
6558,0
6566,0
6570,1
6572,1
6580,1
6585,1
6591,1
6597,0
6598,0
6599,0
6603,0
6608,1
6609,0
6618,0
6619,1
6621,0
6627,1
6631,0
6635,1
6641,1
6649,0
6651,1
6652,0
6658,1
6660,0
6666,1
6667,0
6671,0
6674,1
6676,1
6677,1
6681,1
6684,0
6685,1
6686,1
6691,0
6694,0
6703,0
6708,0
6709,0
6710,1
6717,1
6735,0
6736,0
6742,1
6756,0
6765,0
6772,1
6780,1
6786,0
6788,1
6789,1
6790,0
6793,0
6795,0
6803,0
6808,0
6819,1
6829,1
6832,1
6834,1
6847,0
6854,0
6855,0
6859,1
6860,0
6864,0
6875,1
6877,1
6884,0
6891,1
6892,1
6896,1
6901,1
6902,1
6904,0
6912,0
6921,0
6923,0
6925,1
6926,1
6949,1
6950,1
6960,0
6961,1
6969,0
6982,1
6986,1
6989,0
7000,0
7005,0
7013,1
7014,1
7016,0
7022,1
7027,0
7037,1
7040,1
7042,1
7045,0
7052,1
7057,0
7058,1
7065,1
7066,1
7084,0
7085,0
7090,0
7092,0
7096,0
7101,1
7104,1
7120,1
7124,1
7128,1
7135,0
7142,1
7144,0
7147,1
7155,1
7165,1
7166,0
7167,1
7172,0
7173,1
7181,1
7187,1
7188,1
7189,1
7191,1
7192,0
7200,0
7206,0
7208,0
7211,0
7217,1
7218,1
7223,0
7225,0
7239,0
7244,0
7253,0
7255,1
7257,0
7261,1
7264,0
7265,0
7269,1
7279,0
7281,1
7282,1
7289,0
7304,0
7305,0
7306,1
7307,0
7313,1
7326,1
7329,1
7330,1
7331,0
7346,0
7348,0
7350,1
7366,1
7378,0
7380,1
7387,1
7388,0
7389,0
7391,0
7403,1
7404,0
7406,0
7414,1
7415,1
7416,1
7417,0
7420,1
7423,1
7424,0
7425,1
7427,1
7428,0
7432,1
7433,1
7448,0
7452,0
7454,1
7463,0
7465,0
7466,0
7470,0
7479,0
7482,1
7489,0
7498,1
7499,0
7500,0
7502,1
7503,1
7513,0
7515,0
7527,0
7528,1
7533,1
7534,1
7551,1
7555,1
7566,1
7567,1
7569,1
7589,0
7590,0
7595,0
7596,0
7605,1
7610,1
7618,1
7619,0
7625,0
7635,0
7637,0
7641,1
7642,1
7643,1
7644,1
7648,1
7656,1
7658,1
7666,0
7682,1
7691,0
7692,0
7694,1
7696,1
7699,0
7700,1
7702,1
7716,0
7721,0
7723,0
7732,1
7737,1
7740,0
7758,0
7763,0
7780,1
7793,1
7801,0
7803,1
7811,0
7812,0
7818,0
7819,1
7821,1
7824,0
7829,0
7844,1
7849,0
7854,0
7856,1
7859,1
7862,1
7873,1
7876,0
7878,0
7884,0
7894,0
7903,1
7909,1
7911,1
7913,0
7915,0
7917,1
7920,1
7936,0
7939,0
7944,0
7945,0
7948,0
7956,1
7962,1
7963,0
7975,0
7982,1
7986,1
7995,1
7999,1
8000,1
8003,1
8004,1
8005,1
8007,0
8010,0
8019,1
8026,0
8028,0
8035,1
8039,1
8050,0
8054,1
8060,0
8066,0
8067,0
8071,0
8072,1
8082,1
8083,0
8087,1
8088,0
8100,0
8101,1
8106,0
8107,1
8110,1
8112,0
8116,1
8118,0
8120,1
8121,1
8124,1
8130,1
8131,1
8141,0
8148,0
8153,0
8158,0
8159,0
8161,0
8164,1
8171,1
8174,0
8181,1
8193,0
8197,0
8200,0
8204,1
8207,0
8209,1
8212,1
8218,0
8219,1
8224,0
8234,0
8239,1
8240,0
8241,0
8243,1
8244,1
8249,1
8252,0
8276,0
8281,0
8284,1
8290,1
8292,1
8296,0
8305,1
8306,1
8307,1
8308,0
8325,1
8328,0
8334,1
8338,1
8343,0
8356,0
8358,0
8361,1
8363,1
8381,0
8384,1
8390,0
8399,0
8401,0
8403,0
8422,0
8439,0
8442,1
8444,0
8449,0
8450,1
8452,1
8454,1
8458,1
8465,0
8468,0
8470,1
8473,1
8479,1
8495,1
8499,0
8500,0
8501,0
8506,0
8513,1
8526,1
8528,0
8531,0
8533,0
8536,1
8537,0
8539,0
8540,1
8541,0
8545,0
8548,0
8550,1
8553,0
8559,0
8564,0
8567,1
8572,0
8601,1
8608,0
8613,1
8632,0
8639,0
8648,0
8657,0
8666,1
8668,1
8676,1
8679,0
8680,1
8681,0
8682,1
8691,1
8698,0
8701,1
8711,0
8717,1
8718,1
8719,0
8727,0
8736,0
8739,0
8742,0
8743,0
8751,1
8759,0
8766,0
8767,0
8768,1
8773,0
8774,0
8778,0
8780,1
8784,0
8793,0
8794,0
8804,1
8818,1
8829,0
8837,1
8841,1
8848,1
8850,1
8854,1
8859,0
8866,1
8872,1
8884,1
8898,0
8901,0
8904,0
8905,1
8923,1
8931,1
8938,1
8942,1
8943,0
8944,0
8947,0
8948,1
8950,1
8954,1
8955,0
8957,1
8967,0
8970,1
8987,1
8994,0
8995,0
9010,0
9015,0
9023,1
9030,1
9038,0
9046,1
9048,0
9060,1
9067,0
9068,0
9072,0
9080,1
9099,0
9105,1
9107,0
9122,0
9127,0
9128,1
9130,0
9131,0
9132,0
9133,0
9142,1
9153,0
9157,0
9158,0
9159,0
9161,1
9163,1
9165,1
9171,0
9175,1
9181,0
9188,0
9193,0
9194,1
9208,1
9210,0
9222,1
9227,1
9230,0
9234,1
9239,1
9260,0
9262,0
9266,1
9276,1
9284,0
9300,0
9310,1
9313,1
9320,0
9326,1
9332,1
9337,1
9340,1
9343,0
9348,0
9350,1
9354,1
9358,1
9372,0
9379,1
9383,0
9387,0
9388,1
9393,0
9394,1
9402,1
9406,0
9413,0
9417,1
9418,0
9419,1
9429,0
9430,0
9442,1
9445,0
9448,0
9457,0
9459,1
9465,0
9468,1
9471,0
9472,0
9473,0
9476,1
9483,1
9485,1
9486,1
9497,0
9507,1
9515,1
9516,0
9524,1
9538,0
9548,1
9553,0
9564,1
9565,0
9572,0
9574,0
9590,1
9598,1
9613,0
9623,1
9629,0
9633,1
9634,0
9638,1
9645,1
9656,0
9664,0
9666,0
9667,0
9675,1
9681,1
9686,1
9695,0
9702,1
9704,1
9708,0
9713,1
9714,0
9720,0
9721,1
9722,0
9738,1
9745,0
9747,0
9751,1
9753,1
9756,0
9758,1
9759,1
9767,1
9777,0
9780,1
9782,1
9793,1
9797,1
9801,0
9804,0
9805,0
9807,0
9814,0
9820,1
9825,0
9826,1
9831,0
9839,0
9849,0
9851,0
9854,0
9857,1
9867,0
9878,0
9886,0
9890,0
9901,0
9903,1
9905,1
9917,0
9922,1
9925,1
9944,0
9950,0
9957,0
9958,1
9960,1
9961,1
9962,0
9965,0
9967,0
9972,1
9976,1
9986,0
9987,0
9990,1
9992,0
9995,0
9996,1
9998,1
10007,1
10011,1
10012,1
10013,0
10015,0
10020,1
10026,0
10027,1
10031,0
10036,0
10037,1
10038,0
10050,0
10052,0
10053,1
10059,1
10061,1
10065,0
10071,1
10073,0
10081,0
10093,0
10094,1
10095,1
10103,1
10111,1
10113,0
10116,0
10119,0
10138,1
10144,0
10146,1
10153,1
10155,0
10157,1
10161,1
10174,0
10175,0
10176,0
10180,1
10185,0
10193,1
10196,0
10198,1
10204,1
10210,1
10215,1
10228,0
10236,0
10237,0
10255,0
10259,0
10264,1
10267,1
10272,1
10274,1
10275,1
10280,0
10283,1
10286,0
10291,1
10296,0
10299,1
10301,0
10304,0
10308,1
10316,1
10328,0
10344,0
10345,0
10349,0
10352,1
10364,0
10389,1
10393,1
10400,1
10404,0
10414,0
10415,0
10416,1
10421,0
10425,1
10426,1
10429,1
10430,1
10436,1
10454,0
10459,1
10465,0
10467,0
10469,0
10470,1
10472,1
10473,1
10477,1
10480,0
10482,0
10484,1
10488,0
10520,1
10522,0
10526,0
10533,1
10534,1
10539,1
10546,1
10547,1
10555,1
10558,1
10559,0
10574,1
10579,1
10581,1
10584,1
10585,1
10587,0
10595,1
10602,0
10617,1
10621,1
10629,0
10636,0
10639,0
10643,1
10644,1
10650,0
10655,1
10658,1
10681,1
10690,1
10693,1
10696,0
10697,1
10699,1
10700,0
10715,0
10716,1
10718,1
10719,1
10724,1
10728,1
10731,0
10738,0
10742,0
10750,1
10758,0
10759,1
10760,1
10766,0
10769,1
10778,0
10799,0
10800,1
10805,0
10807,1
10812,0
10813,0
10814,0
10817,1
10818,0
10823,0
10824,0
10850,0
10853,0
10857,1
10860,1
10861,0
10863,0
10872,1
10875,0
10880,1
10899,1
10906,1
10911,1
10916,1
10919,1
10926,0
10927,0
10928,0
10934,0
10936,1
10946,1
10947,1
10954,0
10956,0
10963,1
10964,0
10968,0
10987,0
10989,1
10991,0
10996,1
11011,0
11021,1
11023,1
11024,1
11034,1
11038,0
11042,1
11050,1
11051,0
11060,1
11061,0
11063,0
11066,1
11081,0
11091,0
11095,1
11097,1
11098,0
11099,0
11105,1
11115,0
11132,1
11136,1
11139,0
11143,1
11146,1
11149,1
11156,0
11158,1
11160,0
11163,1
11166,0
11167,1
11170,1
11171,1
11178,0
11179,1
11180,1
11187,0
11192,1
11196,1
11204,0
11206,0
11208,1
11222,1
11227,1
11229,1
11233,0
11238,0
11245,0
11258,0
11261,1
11268,0
11293,1
11295,1
11299,0
11300,0
11301,0
11302,0
11320,1
11322,0
11334,1
11342,1
11344,0
11351,1
11352,1
11357,1
11361,0
11374,1
11382,0
11383,0
11392,0
11396,1
11398,0
11412,0
11418,1
11421,0
11426,0
11427,1
11432,0
11434,1
11450,0
11457,0
11469,0
11471,0
11476,0
11481,1
11486,1
11490,1
11493,1
11497,0
11500,1
11503,0
11505,1
11521,0
11526,0
11527,1
11531,1
11549,1
11554,0
11555,0
11561,0
11564,0
11567,0
11568,0
11572,0
11574,0
11586,1
11587,0
11588,0
11589,0
11591,1
11597,0
11601,0
11607,1
11616,1
11617,1
11626,1
11633,0
11635,0
11636,0
11637,1
11638,1
11639,0
11643,1
11645,0
11648,1
11649,0
11651,0
11659,0
11660,1
11661,1
11666,1
11667,0
11683,0
11688,0
11692,1
11697,1
11698,1
11699,1
11700,1
11702,0
11710,1
11713,1
11718,0
11722,1
11727,1
11730,0
11735,0
11740,1
11742,0
11743,1
11745,0
11748,1
11752,0
11759,1
11761,1
11764,0
11765,0
11768,0
11769,1
11784,0
11787,0
11792,0
11795,1
11797,1
11800,0
11801,1
11810,1
11812,0
11817,1
11818,0
11821,1
11825,0
11828,1
11836,0
11839,1
11842,1
11845,1
11868,1
11869,0
11876,1
11877,0
11880,1
11882,0
11885,1
11887,0
11900,1
11903,0
11906,1
11908,0
11919,0
11923,1
11929,0
11933,0
11934,1
11940,0
11946,0
11947,0
11948,0
11949,1
11955,0
11961,0
11967,1
11986,1
11990,1
12005,1
12015,1
12016,0
12019,0
12030,0
12035,1
12037,1
12038,0
12040,0
12041,1
12046,1
12052,1
12063,1
12064,1
12068,1
12070,1
12071,0
12073,1
12079,0
12082,0
12088,0
12091,1
12094,0
12108,1
12112,1
12113,1
12129,0
12132,0
12150,0
12151,0
12157,1
12165,0
12171,1
12177,1
12182,0
12186,0
12189,1
12195,0
12208,1
12212,1
12213,1
12214,1
12222,1
12226,0
12229,1
12232,1
12233,0
12234,1
12235,0
12240,1
12241,0
12242,0
12248,1
12253,1
12257,1
12264,1
12272,1
12284,1
12286,0
12297,0
12300,1
12303,0
12307,0
12309,1
12314,1
12315,0
12316,1
12327,1
12328,1
12331,0
12334,0
12337,1
12338,0
12343,0
12355,0
12357,1
12359,1
12362,0
12363,0
12366,1
12369,1
12376,0
12380,1
12388,0
12397,1
12405,0
12408,0
12411,0
12414,1
12416,0
12417,0
12420,0
12422,1
12423,0
12425,1
12431,0
12435,0
12444,0
12445,1
12454,1
12457,1
12461,1
12462,0
12467,0
12468,1
12475,0
12479,0
12489,1
12495,1
12496,0
12510,0
12516,1
12523,0
12529,1
12540,0
12544,0
12548,1
12552,1
12561,0
12563,0
12564,0
12567,0
12588,0
12590,0
12591,1
12593,0
12597,0
12602,1
12603,1
12607,0
12609,1
12611,1
12613,1
12618,0
12623,1
12625,0
12632,1
12640,1
12657,0
12660,1
12661,1
12663,0
12666,0
12670,1
12671,1
12675,0
12676,0
12682,1
12688,1
12689,0
12694,0
12699,0
12701,0
12706,0
12707,0
12710,1
12711,1
12712,1
12713,1
12717,1
12722,0
12723,0
12732,1
12733,1
12735,0
12737,0
12746,0
12748,0
12749,1
12754,0
12755,1
12758,0
12761,0
12770,1
12789,0
12790,0
12792,1
12796,1
12798,0
12800,1
12805,0
12807,0
12809,0
12817,0
12828,0
12837,1
12847,1
12848,0
12851,0
12852,0
12859,0
12869,0
12873,1
12875,0
12879,1
12891,0
12897,1
12911,0
12913,0
12917,1
12921,0
12928,0
12932,1
12935,0
12944,1
12946,0
12958,0
12962,0
12968,0
12975,1
12985,0
12988,1
12990,1
12991,1
12993,0
13001,1
13004,1
13014,1
13016,0
13021,0
13031,0
13032,0
13033,0
13050,0
13053,0
13054,0
13079,1
13083,0
13085,1
13091,0
13098,1
13106,0
13118,0
13123,0
13136,0
13139,1
13141,1
13143,1
13145,0
13146,1
13148,0
13153,0
13156,0
13157,1
13158,0
13164,1
13172,0
13182,1
13196,1
13200,0
13202,0
13208,0
13226,1
13227,0
13243,1
13245,1
13246,1
13249,0
13251,0
13252,0
13258,0
13259,1
13263,1
13265,1
13266,0
13267,0
13273,0
13279,0
13281,1
13286,1
13287,1
13297,1
13301,1
13304,1
13307,1
13317,1
13331,0
13337,1
13343,0
13346,0
13351,1
13352,1
13358,0
13359,0
13378,0
13380,1
13382,0
13384,1
13397,0
13398,1
13400,1
13405,0
13412,1
13421,0
13427,1
13437,0
13443,0
13450,1
13453,0
13461,1
13468,1
13473,0
13482,0
13484,1
13485,0
13486,0
13493,0
13494,0
13501,0
13511,0
13515,0
13521,0
13522,1
13545,1
13555,1
13574,0
13579,0
13584,1
13585,0
13586,1
13589,1
13594,1
13598,0
13603,0
13604,1
13605,0
13609,0
13612,1
13615,0
13619,0
13625,0
13639,0
13654,0
13655,0
13664,0
13670,1
13688,1
13694,1
13696,1
13703,1
13710,0
13718,0
13726,1
13730,1
13732,1
13736,0
13742,1
13747,1
13750,0
13763,0
13764,0
13772,0
13782,1
13789,0
13790,0
13791,0
13803,0
13815,1
13818,0
13825,1
13826,1
13828,1
13829,1
13841,1
13843,0
13849,1
13851,0
13854,0
13862,1
13864,0
13865,1
13870,1
13888,1
13891,1
13901,1
13909,0
13919,0
13922,1
13923,1
13924,1
13930,1
13943,1
13944,1
13952,1
13957,1
13960,0
13962,1
13969,1
13973,0
13977,0
13981,0
13991,0
13995,0
13997,0
14001,1
14020,0
14028,0
14037,0
14050,0
14051,0
14052,1
14055,0
14066,1
14070,1
14078,0
14085,1
14090,1
14094,0
14106,0
14109,1
14129,0
14140,0
14141,0
14147,0
14152,0
14156,0
14162,1
14163,0
14177,0
14182,0
14186,0
14188,1
14193,1
14195,1
14197,0
14208,0
14210,0
14212,0
14218,0
14226,1
14239,0
14242,0
14247,1
14249,0
14260,0
14264,0
14275,0
14277,1
14278,0
14288,1
14296,0
14297,1
14312,0
14313,1
14316,1
14322,0
14330,1
14332,0
14343,0
14355,1
14357,1
14359,1
14362,1
14363,1
14364,1
14366,0
14373,0
14375,0
14378,0
14382,1
14393,0
14399,1
14402,0
14409,1
14415,0
14425,0
14427,0
14430,1
14431,0
14434,1
14436,0
14438,1
14443,0
14445,1
14450,0
14455,0
14460,0
14461,1
14463,1
14466,1
14474,0
14494,0
14503,1
14507,0
14510,1
14515,0
14523,1
14525,0
14528,0
14534,0
14536,1
14539,1
14549,0
14555,1
14558,1
14562,0
14563,0
14570,1
14578,0
14582,0
14595,0
14599,1
14609,1
14620,1
14634,1
14645,0
14659,0
14663,0
14669,1
14676,1
14683,1
14690,1
14697,1
14698,1
14702,0
14709,0
14710,0
14712,0
14721,1
14723,0
14726,1
14727,0
14730,1
14735,0
14736,1
14737,0
14747,1
14751,0
14752,0
14755,0
14756,1
14762,0
14766,1
14769,0
14770,1
14778,0
14784,1
14790,0
14798,1
14805,0
14807,1
14808,0
14818,0
14830,0
14838,0
14843,1
14850,1
14852,0
14862,0
14891,0
14895,0
14897,1
14908,1
14909,1
14924,1
14928,1
14929,0
14935,1
14938,0
14939,1
14940,1
14955,0
14967,0
14968,1
14971,1
14973,1
14974,0
14975,0
14976,0
14980,1
14983,1
14984,1
14985,1
14988,0
14994,1
15004,1
15013,0
15014,1
15018,0
15020,0
15028,0
15034,1
15042,1
15048,1
15050,1
15058,1
15063,0
15071,1
15073,0
15079,1
15082,0
15089,1
15092,0
15095,1
15096,0
15097,0
15098,0
15099,1
15104,1
15107,0
15109,0
15110,0
15117,0
15119,0
15127,1
15128,0
15135,1
15139,1
15169,0
15174,0
15177,0
15180,1
15184,0
15186,1
15191,1
15199,0
15202,1
15206,1
15207,1
15214,1
15246,1
15265,0
15270,0
15273,1
15280,0
15286,0
15291,1
15294,1
15298,1
15304,0
15306,1
15310,1
15311,1
15315,0
15316,0
15324,0
15331,0
15335,0
15339,0
15340,0
15346,1
15347,0
15350,0
15352,1
15354,0
15374,0
15375,1
15376,0
15380,1
15387,1
15392,0
15397,0
15402,1
15417,1
15419,1
15423,1
15424,0
15426,0
15427,0
15428,0
15429,0
15431,1
15436,1
15438,0
15439,0
15448,1
15452,1
15456,0
15459,1
15464,1
15465,0
15467,0
15469,1
15471,0
15476,0
15479,1
15497,1
15505,0
15512,1
15516,1
15526,0
15536,1
15537,1
15545,0
15546,1
15550,1
15551,1
15552,1
15553,1
15555,0
15567,0
15572,1
15577,0
15582,1
15585,1
15590,1
15598,1
15615,1
15617,1
15619,1
15621,1
15630,0
15635,1
15645,1
15647,0
15648,1
15651,0
15658,0
15670,1
15671,0
15672,1
15684,0
15697,0
15700,1
15702,1
15713,1
15717,0
15719,1
15720,0
15726,1
15745,1
15752,1
15754,0
15760,1
15763,1
15764,0
15765,0
15766,0
15777,1
15792,0
15801,1
15803,0
15812,1
15827,1
15833,1
15842,0
15846,1
15848,1
15858,1
15868,0
15871,0
15876,1
15877,1
15884,1
15885,1
15891,1
15893,1
15895,1
15912,1
15913,0
15915,1
15916,0
15920,0
15932,0
15934,0
15941,1
15942,1
15947,1
15966,0
15968,0
15969,1
15977,1
15978,0
15984,1
15991,1
15999,0
16004,1
16016,1
16018,1
16019,1
16022,0
16023,1
16032,1
16034,1
16037,1
16039,0
16041,0
16043,0
16055,0
16061,0
16072,0
16074,1
16095,1
16106,1
16109,0
16111,1
16113,1
16118,0
16119,1
16120,1
16132,0
16133,0
16134,1
16139,0
16141,0
16143,0
16151,1
16152,0
16156,0
16168,0
16171,0
16173,1
16174,1
16176,1
16178,1
16179,1
16198,0
16204,0
16209,0
16219,0
16226,0
16228,1
16229,1
16235,0
16236,0
16238,1
16239,0
16248,1
16254,0
16276,0
16282,0
16284,0
16286,1
16287,0
16290,1
16292,0
16293,1
16295,1
16296,0
16304,0
16310,1
16312,1
16316,0
16322,0
16323,0
16330,1
16334,0
16337,1
16346,0
16349,0
16351,0
16359,0
16361,0
16369,1
16375,0
16376,1
16378,0
16383,1
16386,0
16395,1
16399,0
16401,1
16406,1
16407,1
16412,1
16416,1
16418,1
16428,1
16429,0
16430,1
16435,0
16441,0
16450,0
16451,1
16454,0
16455,1
16466,0
16468,1
16477,1
16478,0
16482,0
16496,0
16501,0
16502,0
16505,1
16508,1
16513,0
16514,0
16515,0
16516,1
16528,1
16531,0
16552,1
16553,0
16561,1
16564,1
16568,0
16569,1
16571,1
16572,0
16582,1
16583,1
16586,0
16587,0
16593,1
16597,0
16609,0
16613,1
16622,0
16644,1
16649,1
16658,1
16660,0
16661,1
16664,1
16674,1
16694,0
16695,0
16699,1
16708,0
16709,1
16711,0
16715,0
16724,1
16726,0
16736,0
16737,0
16738,1
16743,1
16746,1
16747,0
16757,1
16763,0
16769,0
16772,1
16777,0
16778,0
16781,0
16791,1
16795,1
16797,1
16798,0
16804,0
16811,0
16812,0
16821,0
16825,1
16837,0
16843,1
16852,0
16855,1
16863,0
16867,1
16873,0
16880,0
16887,1
16893,0
16901,1
16906,0
16910,1
16911,1
16914,0
16920,1
16924,1
16928,1
16935,1
16936,0
16939,0
16949,1
16950,1
16952,1
16963,1
16966,0
16967,0
16976,1
16982,0
16995,1
16996,1
16999,1
17001,0
17008,0
17012,0
17014,1
17020,0
17022,1
17024,1
17028,0
17029,1
17035,1
17038,0
17039,0
17043,0
17044,0
17047,1
17054,0
17060,0
17065,0
17066,0
17067,1
17080,0
17083,1
17084,1
17091,0
17099,0
17110,0
17113,0
17124,1
17129,0
17136,1
17140,0
17144,0
17147,0
17151,0
17153,1
17156,0
17159,0
17165,0
17171,0
17174,1
17179,1
17189,0
17190,1
17194,1
17196,1
17197,1
17198,0
17203,1
17206,1
17216,1
17230,0
17232,1
17233,0
17242,0
17247,1
17252,0
17256,1
17257,1
17261,0
17281,0
17292,0
17301,0
17312,0
17317,1
17318,0
17320,1
17339,1
17342,0
17344,0
17348,0
17351,1
17354,0
17376,1
17377,1
17378,1
17382,1
17383,1
17385,1
17388,0
17398,0
17400,0
17401,0
17405,1
17406,1
17410,0
17415,0
17420,1
17434,0
17443,1
17445,0
17446,0
17450,1
17451,0
17464,1
17474,1
17479,0
17485,1
17491,1
17493,1
17494,0
17497,0
17503,1
17504,1
17505,1
17509,1
17522,0
17527,0
17528,1
17533,0
17539,1
17546,0
17549,1
17553,1
17559,0
17568,0
17570,0
17573,1
17576,0
17577,1
17583,0
17588,0
17599,1
17616,1
17617,0
17618,0
17623,0
17624,0
17625,0
17639,1
17642,1
17643,1
17645,1
17648,1
17650,1
17658,0
17659,0
17667,1
17670,0
17675,1
17679,1
17686,0
17690,1
17691,0
17696,1
17701,0
17714,1
17717,0
17721,0
17723,0
17726,0
17729,0
17736,0
17753,0
17759,1
17763,0
17770,0
17772,1
17778,1
17779,0
17783,1
17791,1
17796,0
17797,1
17799,1
17801,1
17824,1
17834,0
17837,0
17839,0
17840,0
17844,1
17846,1
17847,0
17850,0
17854,1
17858,1
17859,0
17860,1
17863,0
17865,1
17875,0
17879,0
17885,1
17889,1
17892,1
17895,0
17903,0
17904,1
17911,0
17917,1
17926,1
17927,0
17931,0
17935,0
17938,1
17943,1
17946,1
17955,0
17967,1
17979,0
17980,1
17982,1
17987,1
17989,0
17992,1
18014,0
18016,0
18019,0
18035,1
18041,0
18045,0
18049,0
18050,0
18051,0
18053,1
18055,1
18059,0
18066,0
18072,0
18081,1
18100,1
18101,1
18107,0
18111,1
18126,1
18127,0
18139,0
18149,1
18161,1
18162,0
18164,0
18166,1
18169,0
18174,0
18186,1
18191,0
18197,0
18199,1
18205,0
18206,1
18214,0
18219,1
18231,0
18234,1
18238,0
18246,1
18250,1
18267,1
18269,1
18274,0
18277,1
18281,0
18293,0
18300,0
18302,1
18307,1
18308,0
18310,1
18311,0
18313,0
18315,0
18320,0
18330,0
18331,0
18332,0
18339,1
18340,0
18349,0
18356,1
18369,0
18370,0
18375,1
18379,1
18381,0
18387,1
18391,1
18411,0
18412,0
18420,0
18424,0
18425,0
18436,1
18437,0
18452,0
18458,0
18464,1
18470,0
18481,0
18484,0
18489,1
18493,0
18499,0
18500,1
18505,0
18509,0
18515,1
18519,0
18533,1
18548,0
18549,0
18550,1
18567,1
18575,0
18577,1
18578,1
18581,0
18584,1
18587,0
18591,1
18593,0
18596,1
18597,1
18608,1
18609,1
18611,1
18613,0
18618,1
18625,1
18629,0
18639,0
18650,1
18652,0
18660,0
18664,0
18677,1
18679,0
18682,1
18684,0
18686,0
18687,1
18696,0
18699,1
18713,1
18716,0
18730,1
18731,1
18733,1
18736,1
18742,0
18758,0
18760,0
18761,0
18763,0
18765,0
18773,1
18774,1
18775,1
18776,1
18777,0
18781,0
18785,1
18787,1
18789,1
18796,1
18805,0
18807,0
18811,1
18817,0
18825,1
18829,1
18831,1
18832,0
18840,0
18846,1
18850,0
18853,0
18865,1
18867,1
18880,0
18882,1
18883,1
18900,0
18904,0
18911,1
18920,1
18925,1
18926,1
18930,1
18932,1
18938,1
18944,1
18945,0
18946,1
18951,1
18954,0
18961,0
18966,0
18973,0
18977,1
18984,0
18986,1
18997,1
19002,0
19004,1
19008,1
19009,1
19011,0
19015,1
19017,1
19027,0
19039,1
19055,1
19065,1
19072,0
19076,0
19079,0
19081,1
19084,0
19087,0
19092,0
19094,1
19102,0
19104,0
19111,1
19112,1
19115,0
19126,1
19127,0
19129,1
19130,0
19137,1
19138,0
19151,0
19159,1
19167,0
19172,1
19173,1
19175,1
19177,1
19181,0
19186,1
19193,0
19195,0
19203,0
19206,1
19210,1
19219,1
19225,0
19230,0
19231,0
19233,0
19238,1
19245,0
19247,0
19251,0
19272,1
19274,1
19306,0
19307,0
19309,1
19311,0
19316,1
19320,1
19327,0
19331,0
19366,0
19368,0
19385,0
19391,0
19394,1
19398,1
19406,0
19407,0
19410,0
19412,0
19420,0
19423,0
19424,1
19432,1
19433,0
19436,1
19438,1
19442,1
19447,1
19453,1
19456,0
19458,1
19460,1
19467,1
19468,0
19476,0
19477,1
19479,1
19486,0
19500,0
19509,0
19511,1
19515,0
19517,0
19518,0
19523,0
19529,0
19536,0
19540,1
19542,0
19548,1
19553,1
19554,1
19558,1
19560,1
19574,0
19585,0
19589,1
19592,1
19596,1
19617,1
19647,1
19659,1
19663,1
19665,1
19669,0
19670,1
19676,0
19677,1
19680,0
19683,1
19690,1
19692,1
19707,1
19709,1
19711,0
19714,0
19716,0
19722,0
19724,0
19727,0
19731,0
19733,0
19745,0
19750,1
19762,0
19764,0
19766,0
19786,0
19788,1
19797,1
19799,0
19801,0
19802,1
19810,0
19812,1
19819,1
19820,0
19823,0
19825,0
19842,0
19863,1
19864,1
19866,1
19872,1
19874,0
19875,0
19877,1
19879,0
19880,1
19883,0
19896,1
19899,1
19901,1
19905,0
19906,1
19918,1
19921,1
19926,0
19931,0
19934,1
19944,1
19950,1
19953,0
19955,0
19960,1
19963,0
19974,1
19978,1
19984,1
19988,1
19991,1
19993,1
19995,1
20000,1
20001,1
20002,0
20005,0
20011,1
20012,1
20016,0
20019,1
20022,0
20023,1
20024,0
20033,1
20034,1
20036,1
20037,0
20053,1
20058,0
20059,0
20068,1
20074,1
20076,1
20078,1
20079,1
20082,1
20083,0
20094,0
20101,1
20110,1
20111,0
20112,0
20122,1
20135,1
20138,0
20141,0
20142,1
20146,1
20152,0
20153,1
20166,0
20168,1
20173,1
20174,0
20175,1
20179,1
20183,1
20186,0
20190,0
20194,1
20196,0
20204,1
20211,1
20212,1
20213,1
20214,1
20220,1
20225,0
20227,1
20235,1
20251,1
20252,1
20253,0
20260,0
20262,0
20267,1
20278,0
20282,1
20290,0
20294,0
20297,0
20302,0
20303,0
20304,0
20309,0
20311,1
20325,0
20326,1
20338,1
20347,1
20352,0
20365,1
20366,0
20371,1
20376,1
20379,0
20382,0
20386,0
20387,0
20393,1
20396,0
20405,0
20409,1
20411,1
20412,1
20413,1
20418,1
20421,1
20423,1
20424,0
20433,1
20438,0
20446,1
20453,1
20454,0
20457,1
20470,0
20471,1
20473,1
20481,0
20492,0
20495,0
20496,0
20497,1
20506,1
20510,0
20511,0
20518,1
20519,1
20521,0
20528,0
20529,1
20533,0
20536,0
20538,1
20551,1
20561,1
20571,1
20572,1
20579,0
20580,0
20587,1
20594,1
20596,0
20603,0
20609,0
20619,0
20621,1
20622,1
20628,1
20631,0
20633,1
20635,1
20642,1
20643,1
20648,1
20653,1
20657,0
20659,0
20660,0
20661,1
20669,1
20672,0
20674,0
20684,0
20688,0
20692,0
20696,0
20697,0
20698,1
20700,1
20702,0
20703,0
20706,0
20707,1
20709,0
20710,0
20713,1
20714,1
20720,1
20746,1
20755,1
20763,0
20766,0
20776,0
20780,1
20807,1
20810,0
20811,1
20815,0
20820,1
20821,1
20822,0
20826,0
20829,1
20833,1
20835,0
20837,1
20842,0
20846,0
20847,0
20857,0
20862,1
20866,0
20871,0
20877,0
20879,1
20886,0
20893,0
20902,0
20910,1
20918,0
20920,0
20922,1
20925,0
20926,1
20935,1
20937,1
20943,0
20951,0
20954,1
20963,1
20965,0
20971,1
20975,0
20978,0
20980,1
20986,0
20988,1
21003,0
21007,0
21008,1
21010,1
21013,1
21015,0
21021,1
21027,1
21029,0
21031,0
21033,1
21050,1
21055,1
21061,0
21062,1
21063,0
21080,0
21090,0
21096,1
21112,1
21121,0
21124,0
21131,0
21141,0
21151,1
21157,1
21160,1
21161,0
21167,1
21169,1
21174,0
21176,1
21178,0
21180,1
21182,1
21184,0
21185,0
21187,0
21193,0
21207,1
21211,1
21215,0
21221,1
21225,1
21229,0
21230,1
21234,1
21253,1
21268,0
21273,1
21279,0
21281,0
21282,0
21284,0
21285,1
21288,1
21289,0
21290,0
21291,0
21297,0
21300,0
21303,1
21305,1
21306,1
21311,1
21313,1
21318,1
21331,0
21335,0
21339,0
21340,1
21343,0
21345,1
21353,0
21356,0
21358,0
21364,0
21368,0
21380,0
21382,0
21387,0
21391,1
21396,0
21400,0
21401,0
21408,0
21411,0
21412,1
21413,0
21414,1
21417,0
21419,1
21421,0
21423,0
21427,1
21439,1
21445,1
21446,0
21450,0
21451,0
21453,1
21459,0
21469,1
21475,1
21482,0
21488,0
21489,0
21490,1
21499,1
21512,1
21521,1
21523,0
21525,1
21528,1
21529,0
21534,1
21536,0
21548,0
21551,1
21552,0
21553,0
21558,1
21561,1
21563,1
21565,0
21572,1
21577,1
21583,0
21585,1
21588,1
21591,1
21598,1
21602,0
21610,0
21613,0
21618,1
21622,1
21623,1
21624,1
21626,0
21629,0
21631,1
21649,1
21652,0
21660,0
21664,0
21672,0
21673,1
21674,1
21677,0
21679,0
21681,1
21683,1
21687,1
21709,0
21720,1
21722,1
21731,0
21734,1
21742,1
21755,1
21757,0
21758,1
21765,1
21770,1
21773,0
21774,1
21781,0
21784,1
21785,0
21786,0
21793,0
21795,1
21797,1
21802,0
21803,1
21809,1
21812,0
21822,0
21829,1
21832,1
21839,1
21841,0
21850,1
21854,1
21874,1
21876,1
21882,1
21884,1
21885,1
21892,0
21898,1
21900,1
21905,0
21906,1
21907,0
21910,0
21916,0
21925,1
21933,0
21944,1
21953,0
21962,1
21968,1
21976,0
21991,1
21999,0
22000,0
22004,1
22009,0
22010,0
22022,1
22028,0
22034,1
22050,0
22052,0
22056,0
22058,1
22065,0
22068,0
22072,1
22078,0
22080,1
22082,0
22085,1
22088,0
22089,0
22090,0
22093,0
22102,1
22107,1
22112,1
22116,1
22117,0
22120,0
22122,0
22129,0
22131,1
22136,0
22139,1
22142,1
22147,1
22158,0
22159,1
22160,0
22161,0
22168,1
22174,1
22183,0
22185,1
22197,1
22198,0
22201,0
22204,1
22208,0
22209,0
22215,1
22233,1
22240,0
22242,0
22250,1
22258,0
22262,1
22270,1
22274,1
22275,1
22281,1
22287,1
22305,1
22306,0
22314,0
22318,1
22319,1
22322,0
22325,0
22333,1
22340,0
22344,0
22347,1
22348,0
22350,0
22351,0
22358,1
22364,0
22366,1
22371,1
22374,0
22379,0
22389,0
22392,1
22395,0
22396,1
22397,0
22404,0
22405,0
22406,0
22413,1
22415,0
22416,1
22420,1
22425,0
22427,0
22436,0
22438,1
22439,0
22444,1
22445,1
22447,0
22451,1
22468,1
22477,1
22479,1
22481,1
22484,1
22496,0
22498,1
22504,1
22511,1
22515,1
22524,0
22526,1
22537,1
22552,0
22560,1
22563,0
22568,0
22572,0
22573,0
22576,1
22577,1
22579,0
22583,0
22586,1
22593,0
22600,1
22601,0
22603,0
22604,0
22608,0
22616,0
22617,0
22621,1
22627,1
22628,0
22629,1
22631,0
22638,1
22646,0
22651,0
22656,1
22661,1
22664,1
22665,0
22672,0
22675,1
22700,1
22703,0
22705,0
22716,1
22728,0
22733,0
22742,0
22746,1
22753,0
22761,0
22767,1
22782,1
22783,1
22793,0
22794,1
22796,0
22800,1
22814,1
22821,1
22827,0
22837,0
22838,0
22842,1
22847,0
22850,1
22859,0
22860,1
22875,1
22887,1
22900,0
22902,0
22903,1
22906,1
22907,1
22915,1
22920,1
22926,0
22932,0
22934,1
22953,1
22955,0
22956,1
22959,1
22960,1
22964,0
22974,0
22981,0
22984,1
22989,0
22992,0
22993,0
23001,1
23004,1
23005,1
23006,0
23010,0
23013,0
23023,0
23039,1
23041,0
23060,0
23061,1
23064,0
23078,1
23080,0
23083,0
23084,1
23091,0
23100,1
23102,0
23105,1
23108,1
23111,1
23113,1
23125,1
23126,1
23127,1
23132,0
23137,0
23142,1
23153,0
23158,1
23170,1
23177,0
23178,0
23183,0
23185,0
23189,1
23191,1
23197,1
23202,0
23218,1
23222,1
23224,1
23226,0
23229,0
23232,0
23237,0
23241,1
23243,1
23246,1
23251,1
23253,1
23255,0
23256,1
23264,0
23273,0
23275,1
23282,0
23287,1
23289,1
23292,0
23293,0
23306,1
23310,0
23317,1
23324,1
23325,0
23326,0
23327,1
23329,0
23330,0
23331,1
23338,1
23342,1
23347,1
23350,0
23351,1
23354,0
23365,1
23368,0
23370,0
23376,0
23380,0
23388,0
23395,0
23396,0
23399,1
23404,0
23412,1
23416,1
23422,0
23434,0
23442,1
23452,1
23453,1
23458,0
23472,0
23477,0
23487,1
23495,1
23502,0
23504,1
23510,1
23520,0
23538,1
23542,0
23543,0
23544,1
23547,0
23548,0
23552,0
23555,0
23561,1
23563,1
23573,1
23581,1
23594,1
23598,0
23603,1
23606,1
23608,1
23609,1
23626,1
23641,0
23654,0
23655,0
23657,1
23671,1
23678,0
23686,1
23688,0
23689,1
23697,0
23698,0
23708,0
23710,0
23714,0
23723,0
23735,0
23749,0
23754,1
23759,0
23765,1
23766,1
23769,0
23771,1
23775,1
23776,1
23780,0
23783,0
23785,0
23786,1
23805,0
23826,1
23831,1
23840,1
23849,0
23858,0
23868,1
23869,0
23871,0
23874,0
23877,1
23880,0
23882,1
23887,0
23894,0
23897,0
23898,0
23900,1
23908,0
23911,1
23916,0
23922,0
23923,0
23925,0
23941,0
23946,0
23947,0
23948,1
23952,1
23956,0
23957,0
23959,1
23960,1
23973,0
23980,1
23983,1
23988,1
23996,0
23997,1
23998,0
24018,0
24022,1
24027,1
24029,0
24041,0
24046,1
24047,1
24051,1
24053,0
24056,0
24058,1
24068,0
24074,1
24077,0
24085,0
24086,1
24098,1
24100,1
24107,0
24111,1
24117,1
24119,0
24124,0
24141,0
24145,0
24147,0
24148,1
24165,1
24168,1
24169,0
24173,0
24177,1
24188,1
24189,1
24191,1
24198,0
24200,0
24213,0
24215,1
24218,0
24221,1
24222,1
24232,1
24233,1
24234,0
24237,1
24238,0
24241,1
24248,0
24252,0
24253,0
24256,0
24260,0
24264,0
24265,0
24270,0
24272,0
24274,0
24283,1
24301,1
24302,0
24305,1
24314,1
24323,1
24324,1
24325,1
24327,0
24328,0
24334,0
24336,1
24339,1
24349,1
24373,1
24375,0
24377,1
24381,0
24388,1
24394,1
24395,1
24399,1
24400,1
24410,0
24412,0
24416,1
24424,1
24431,0
24434,0
24444,0
24450,1
24469,0
24477,1
24479,0
24486,1
24488,0
24493,1
24506,0
24510,1
24521,0
24523,0
24533,1
24542,0
24544,0
24545,0
24548,0
24550,0
24552,1
24562,0
24564,1
24565,1
24568,0
24574,1
24575,1
24576,0
24588,0
24590,1
24601,0
24616,0
24623,0
24625,1
24627,1
24630,0
24631,1
24645,1
24649,1
24652,1
24659,1
24664,0
24668,1
24675,1
24676,0
24677,0
24683,0
24685,1
24690,0
24693,1
24694,1
24695,1
24696,1
24701,1
24707,1
24720,0
24721,0
24725,0
24727,1
24732,1
24733,1
24739,0
24741,0
24744,1
24752,1
24755,1
24758,0
24759,1
24765,0
24766,1
24771,1
24788,1
24790,0
24792,0
24795,0
24798,0
24799,1
24812,0
24818,0
24820,0
24822,1
24828,0
24829,0
24830,0
24834,0
24835,0
24836,0
24841,0
24843,0
24845,0
24846,1
24848,1
24860,1
24864,1
24865,1
24870,0
24883,1
24893,1
24903,1
24909,0
24910,1
24911,1
24912,1
24913,0
24914,0
24918,1
24933,1
24955,1
24959,0
24962,0
24976,0
24982,0
24990,0
24994,1
25004,0
25005,0
25009,0
25010,0
25011,1
25018,0
25020,0
25025,0
25036,1
25048,1
25052,0
25053,0
25058,0
25067,1
25075,1
25077,1
25079,0
25081,0
25084,0
25087,0
25091,1
25092,0
25095,0
25097,0
25102,0
25112,0
25117,1
25118,1
25126,1
25127,0
25136,0
25138,1
25148,1
25150,0
25154,0
25174,1
25175,1
25176,1
25178,1
25182,1
25189,0
25191,1
25193,0
25209,0
25212,1
25222,1
25231,1
25235,0
25244,0
25248,0
25250,1
25252,1
25261,1
25270,0
25276,0
25277,1
25283,1
25284,1
25286,1
25291,1
25293,1
25295,1
25296,0
25299,0
25300,1
25303,0
25304,0
25311,0
25314,1
25318,1
25320,1
25322,1
25333,0
25343,1
25345,1
25352,1
25354,1
25360,0
25366,0
25372,0
25374,0
25382,0
25384,1
25385,0
25392,0
25404,1
25406,1
25408,0
25418,1
25421,0
25424,1
25426,0
25435,0
25436,0
25442,1
25445,1
25447,1
25463,0
25480,0
25486,1
25489,1
25500,1
25509,1
25529,1
25530,0
25531,0
25543,1
25546,0
25547,0
25548,0
25555,1
25557,1
25558,0
25570,0
25574,0
25576,0
25580,0
25581,0
25586,0
25595,1
25597,0
25599,1
25603,1
25609,0
25620,0
25630,1
25632,1
25633,0
25636,0
25642,1
25644,0
25651,0
25659,1
25665,1
25671,0
25672,1
25673,0
25686,0
25697,1
25698,0
25704,0
25705,1
25707,0
25715,0
25717,0
25718,0
25721,1
25726,0
25727,0
25739,1
25745,0
25748,0
25754,1
25756,0
25757,0
25760,0
25769,0
25772,0
25773,1
25775,0
25781,0
25784,1
25793,0
25796,0
25804,1
25808,1
25812,0
25827,1
25831,1
25843,1
25850,0
25851,0
25858,0
25869,0
25872,1
25888,1
25896,0
25899,0
25905,0
25908,1
25911,0
25913,0
25916,0
25919,1
25923,1
25933,0
25936,1
25937,0
25939,0
25949,0
25950,0
25958,0
25959,0
25960,1
25967,0
25969,1
25974,1
25976,0
25977,0
25979,0
25984,1
25985,1
25996,1
25998,0
26007,1
26010,0
26015,0
26020,1
26041,1
26049,0
26051,1
26054,1
26059,0
26060,0
26061,1
26063,0
26066,1
26069,0
26078,0
26083,0
26084,0
26086,1
26091,0
26092,1
26094,0
26100,1
26109,1
26118,0
26123,1
26127,1
26128,1
26133,0
26134,0
26140,1
26154,1
26156,1
26164,1
26165,0
26166,1
26167,0
26168,1
26176,1
26179,1
26180,0
26184,1
26187,1
26204,1
26209,0
26210,0
26225,1
26238,1
26241,0
26245,1
26250,1
26260,0
26266,1
26268,1
26271,1
26280,1
26286,1
26291,1
26292,0
26296,1
26299,0
26301,1
26305,0
26310,0
26311,0
26317,0
26319,0
26320,0
26325,0
26327,1
26330,1
26331,1
26338,1
26340,1
26342,0
26344,1
26346,0
26351,0
26360,0
26361,1
26365,0
26366,0
26368,1
26369,1
26370,0
26373,0
26374,0
26377,1
26380,0
26385,0
26387,1
26389,1
26391,1
26401,1
26408,1
26412,1
26419,0
26422,0
26423,0
26425,0
26435,0
26437,1
26441,0
26443,0
26453,0
26455,0
26456,0
26457,1
26466,0
26469,0
26477,1
26478,0
26485,1
26486,0
26488,1
26491,0
26492,1
26496,0
26503,0
26504,0
26507,1
26508,1
26509,1
26511,1
26519,0
26522,0
26523,1
26524,0
26527,1
26529,0
26531,1
26533,0
26534,1
26535,1
26556,1
26557,0
26562,1
26563,0
26568,1
26570,0
26575,1
26576,0
26578,0
26588,1
26597,0
26598,1
26600,0
26603,1
26605,1
26607,0
26613,1
26621,0
26636,1
26639,1
26645,0
26657,1
26662,1
26664,1
26668,0
26669,0
26681,1
26697,0
26699,0
26700,0
26701,1
26722,1
26728,0
26753,1
26755,0
26757,0
26758,0
26761,1
26762,0
26779,0
26782,1
26786,0
26793,0
26795,1
26796,1
26798,0
26808,1
26812,1
26823,1
26827,1
26828,0
26829,1
26830,1
26832,1
26836,1
26837,1
26843,0
26848,1
26850,0
26866,1
26882,1
26885,0
26899,1
26900,1
26916,1
26918,1
26922,1
26934,0
26964,1
26970,1
26984,0
26988,0
26990,0
26991,0
26999,0
27000,1
27001,1
27002,1
27003,1
27007,0
27008,0
27010,0
27016,0
27021,1
27024,0
27031,1
27033,1
27040,1
27044,0
27051,1
27056,1
27059,1
27060,1
27068,0
27070,1
27071,1
27098,0
27100,1
27101,0
27109,1
27125,1
27131,0
27140,0
27155,1
27157,0
27160,0
27163,0
27176,1
27180,0
27188,0
27189,1
27196,0
27199,0
27207,1
27210,0
27215,1
27220,0
27238,0
27239,0
27244,0
27246,0
27249,1
27254,1
27257,0
27260,1
27265,0
27269,1
27273,0
27276,0
27277,1
27280,0
27287,1
27295,0
27303,1
27307,1
27308,1
27309,0
27323,0
27324,1
27325,0
27327,0
27333,0
27335,0
27341,1
27347,0
27349,1
27352,0
27354,1
27357,1
27367,0
27383,1
27385,1
27393,1
27395,1
27426,1
27433,0
27437,1
27445,1
27446,0
27452,1
27453,0
27454,1
27463,1
27467,0
27468,0
27472,1
27477,0
27480,1
27485,0
27489,1
27500,0
27511,1
27514,0
27517,1
27518,0
27543,0
27551,1
27577,1
27580,1
27589,0
27594,0
27595,1
27596,1
27600,1
27605,0
27606,1
27615,1
27616,0
27624,1
27632,1
27642,0
27652,0
27654,0
27678,1
27681,0
27682,0
27683,1
27697,1
27699,0
27707,0
27717,1
27723,0
27725,0
27727,0
27740,0
27749,1
27754,0
27756,1
27759,0
27760,0
27767,0
27768,1
27772,0
27788,0
27795,0
27799,0
27800,1
27802,1
27803,0
27805,0
27814,1
27817,0
27818,0
27827,0
27831,1
27835,0
27843,0
27845,0
27848,1
27851,1
27854,0
27861,1
27864,1
27866,0
27870,0
27872,1
27886,1
27887,1
27895,0
27897,1
27898,0
27910,0
27911,0
27913,1
27920,0
27928,1
27932,0
27937,1
27942,1
27950,1
27963,0
27973,0
27977,0
27979,0
27994,1
27995,0
28005,1
28012,0
28013,0
28020,1
28026,0
28032,1
28039,0
28042,1
28044,0
28060,1
28066,1
28067,0
28068,1
28071,0
28073,0
28077,0
28086,1
28089,1
28091,0
28093,1
28094,1
28108,0
28112,0
28115,1
28121,0
28124,1
28132,1
28139,0
28150,1
28151,1
28159,1
28166,1
28171,0
28175,0
28181,0
28189,1
28193,1
28194,1
28206,1
28207,1
28211,0
28218,1
28222,0
28228,0
28236,0
28237,0
28242,1
28243,1
28249,0
28261,0
28267,1
28275,1
28276,0
28279,1
28286,0
28294,1
28296,1
28303,1
28308,0
28310,1
28321,0
28323,1
28329,1
28337,1
28341,0
28346,0
28347,0
28348,0
28352,0
28362,1
28368,0
28373,0
28383,1
28387,1
28396,0
28398,1
28401,0
28407,1
28408,0
28411,0
28412,1
28418,1
28420,1
28438,0
28442,0
28446,0
28453,1
28454,1
28456,0
28458,0
28468,1
28470,0
28472,1
28476,0
28477,0
28479,1
28480,1
28482,0
28484,1
28486,0
28489,0
28493,1
28496,0
28502,1
28504,0
28507,0
28515,1
28516,1
28517,0
28520,1
28521,1
28534,0
28538,0
28544,0
28548,1
28556,0
28565,1
28584,1
28585,1
28586,0
28591,0
28593,1
28607,0
28610,0
28612,0
28618,0
28619,0
28622,1
28639,0
28642,1
28644,1
28647,1
28651,0
28652,0
28670,1
28675,1
28686,1
28692,0
28699,1
28700,1
28703,0
28709,1
28713,0
28721,0
28726,1
28741,1
28744,1
28751,1
28757,0
28766,0
28770,1
28776,0
28780,0
28786,1
28788,1
28791,1
28796,0
28801,1
28803,1
28808,1
28815,0
28816,0
28825,1
28834,1
28835,0
28842,1
28846,0
28858,0
28863,1
28865,1
28872,0
28877,1
28878,0
28883,0
28890,1
28897,0
28898,1
28901,0
28903,1
28923,1
28935,0
28938,0
28940,0
28942,0
28950,1
28957,1
28960,0
28962,0
28964,1
28967,1
28978,1
28988,1
28992,1
28994,0
28995,1
28999,1
29005,1
29011,1
29014,1
29016,1
29017,0
29021,0
29024,1
29026,1
29029,1
29030,0
29034,1
29044,1
29047,0
29048,1
29051,1
29052,0
29060,0
29065,0
29075,1
29077,1
29079,0
29091,0
29095,1
29097,0
29100,0
29101,1
29106,1
29108,0
29110,0
29119,0
29120,1
29122,0
29134,1
29136,1
29144,1
29147,1
29149,1
29152,0
29174,0
29177,0
29178,1
29186,0
29191,0
29192,0
29194,1
29195,1
29197,1
29200,0
29211,0
29213,0
29214,1
29220,0
29227,1
29233,1
29234,0
29237,0
29248,1
29271,1
29274,0
29294,0
29300,1
29301,1
29308,0
29312,0
29327,0
29328,0
29329,1
29331,0
29332,1
29336,0
29340,1
29341,0
29342,0
29348,1
29352,0
29354,1
29358,0
29359,1
29363,0
29365,1
29372,1
29376,0
29387,0
29401,0
29403,1
29411,0
29424,0
29426,1
29435,0
29446,0
29448,0
29451,1
29460,0
29462,0
29472,0
29475,0
29482,1
29490,0
29494,0
29507,1
29508,1
29516,1
29526,1
29533,0
29539,1
29548,0
29556,0
29558,1
29563,0
29571,0
29572,0
29578,1
29590,0
29592,1
29597,1
29601,1
29603,0
29605,0
29609,0
29620,0
29641,1
29644,1
29654,1
29656,1
29661,1
29677,0
29680,0
29688,0
29693,0
29694,1
29695,1
29717,1
29731,0
29748,0
29755,0
29760,1
29762,0
29764,0
29766,0
29769,1
29771,0
29784,0
29788,1
29805,0
29808,0
29810,0
29816,1
29818,1
29819,0
29825,1
29827,1
29831,0
29839,1
29841,1
29852,0
29853,1
29856,0
29860,1
29863,0
29877,0
29890,0
29893,0
29897,0
29905,0
29906,0
29908,0
29909,0
29911,0
29912,1
29917,1
29924,1
29933,1
29935,0
29936,1
29941,0
29946,0
29950,0
29956,0
29960,0
29962,1
29964,1
29966,1
29972,1
29975,0
29978,0
29980,1
29988,0
29991,0
29998,0
30008,0
30021,1
30022,1
30023,0
30028,0
30032,0
30037,1
30044,1
30046,1
30047,0
30051,0
30059,1
30061,1
30062,1
30069,1
30076,1
30080,1
30087,1
30088,1
30094,1
30097,0
30101,1
30105,0
30108,1
30110,0
30113,1
30114,0
30117,1
30124,0
30127,0
30128,1
30133,1
30134,0
30136,1
30140,0
30145,1
30154,0
30159,0
30162,1
30177,0
30178,0
30181,0
30185,1
30195,1
30202,1
30207,0
30208,0
30216,0
30228,1
30235,1
30236,1
30240,1
30255,0
30256,0
30257,1
30261,0
30268,1
30282,1
30311,1
30322,1
30324,1
30325,0
30326,0
30327,0
30332,0
30342,0
30345,0
30346,0
30349,0
30358,1
30359,0
30363,1
30374,0
30378,0
30379,0
30386,0
30390,1
30391,0
30410,1
30413,0
30430,0
30433,0
30439,0
30440,1
30445,1
30447,0
30450,0
30456,1
30457,0
30465,1
30468,1
30488,0
30489,0
30490,0
30491,1
30492,0
30495,1
30496,0
30498,0
30511,1
30512,1
30517,1
30525,1
30531,0
30534,0
30535,0
30538,0
30540,0
30547,0
30560,0
30566,1
30572,1
30579,0
30582,0
30584,0
30589,1
30591,0
30599,0
30605,1
30612,0
30616,1
30618,0
30621,1
30624,1
30629,0
30630,0
30632,0
30633,1
30638,0
30646,0
30649,1
30653,0
30659,0
30662,1
30664,1
30670,1
30675,0
30681,0
30685,0
30690,1
30703,0
30704,1
30716,0
30719,1
30720,0
30722,0
30725,0
30732,0
30737,0
30754,0
30755,1
30756,0
30762,1
30767,0
30768,0
30776,0
30777,1
30779,1
30781,1
30782,1
30785,0
30786,1
30794,1
30798,1
30812,0
30824,0
30836,1
30860,1
30874,0
30876,1
30883,1
30889,1
30892,0
30907,1
30911,0
30916,1
30923,1
30940,1
30942,1
30946,1
30957,0
30967,1
30972,1
30974,1
30975,0
30978,1
30980,0
30983,1
30990,0
30994,1
30995,1
31004,1
31005,1
31008,0
31029,1
31035,0
31036,1
31037,0
31038,1
31041,0
31043,0
31045,0
31046,0
31048,1
31049,0
31056,1
31060,0
31065,1
31067,1
31068,1
31070,1
31075,1
31076,0
31077,0
31093,0
31105,1
31110,0
31112,0
31116,1
31125,1
31130,1
31131,1
31136,1
31140,1
31147,1
31149,0
31151,1
31158,0
31161,1
31165,1
31167,0
31170,1
31171,0
31179,0
31195,1
31198,0
31199,0
31201,1
31207,0
31213,0
31227,0
31236,0
31240,0
31250,0
31253,0
31256,0
31258,0
31265,0
31266,1
31273,0
31278,0
31284,1
31289,1
31291,0
31295,0
31296,0
31305,0
31306,0
31307,0
31308,0
31309,1
31315,1
31316,1
31323,1
31326,0
31328,0
31344,0
31345,0
31352,0
31357,0
31360,0
31374,0
31376,0
31400,1
31427,0
31429,0
31430,1
31437,0
31443,1
31445,0
31450,1
31455,0
31463,0
31468,0
31473,0
31474,1
31481,1
31488,0
31496,0
31508,1
31510,1
31513,0
31514,0
31516,1
31521,1
31528,1
31530,1
31535,0
31539,0
31541,0
31544,1
31552,0
31556,0
31561,1
31566,1
31568,0
31575,1
31577,1
31579,0
31584,0
31586,1
31589,0
31593,0
31600,0
31602,0
31607,0
31608,1
31612,0
31624,1
31630,1
31631,0
31644,1
31650,1
31652,0
31655,0
31663,1
31665,1
31666,1
31667,0
31669,1
31670,1
31672,0
31676,0
31677,0
31680,0
31681,0
31685,1
31691,1
31697,0
31698,0
31701,1
31712,0
31715,1
31716,1
31717,1
31720,0
31724,0
31732,0
31745,1
31750,0
31751,0
31753,0
31757,1
31761,1
31763,1
31770,1
31777,1
31780,0
31789,0
31790,1
31791,1
31794,0
31799,0
31802,0
31804,0
31805,1
31808,0
31811,1
31815,1
31823,0
31836,1
31841,0
31844,0
31851,1
31854,1
31857,0
31868,0
31877,1
31881,0
31883,0
31885,0
31889,1
31902,0
31908,1
31916,0
31922,1
31924,0
31925,1
31926,1
31934,0
31936,1
31939,0
31944,0
31945,0
31946,0
31947,0
31954,0
31957,1
31958,1
31961,1
31962,0
31963,0
31981,1
31983,1
31986,1
31990,1
31994,0
32001,1
32003,0
32006,0
32010,1
32012,0
32014,0
32015,1
32018,1
32022,0
32037,1
32048,0
32053,1
32054,1
32059,0
32062,0
32073,0
32074,1
32075,1
32076,1
32081,0
32086,1
32089,0
32105,0
32106,1
32112,0
32119,1
32126,0
32132,1
32138,0
32142,0
32146,0
32148,0
32149,1
32155,0
32160,1
32167,0
32168,1
32170,1
32178,1
32184,1
32186,1
32194,0
32195,0
32206,1
32221,1
32222,0
32228,1
32232,0
32244,0
32251,1
32263,0
32265,0
32268,1
32275,0
32284,1
32287,0
32289,0
32290,1
32303,0
32304,0
32314,0
32319,1
32327,1
32330,0
32339,0
32342,1
32353,1
32355,1
32356,1
32357,0
32361,0
32362,1
32366,0
32370,1
32371,1
32378,0
32379,0
32380,0
32382,1
32388,0
32392,0
32394,1
32398,0
32403,0
32404,0
32410,1
32411,0
32414,0
32417,1
32421,1
32423,0
32425,0
32432,1
32435,0
32446,1
32449,0
32457,0
32463,0
32464,0
32476,1
32482,0
32488,1
32494,1
32500,0
32513,1
32517,0
32523,0
32524,0
32527,1
32528,0
32534,1
32538,1
32539,1
32542,1
32543,0
32555,0
32564,0
32572,0
32573,0
32574,0
32576,0
32579,0
32584,0
32587,1
32596,0
32602,1
32616,1
32619,0
32621,1
32623,0
32624,0
32629,1
32633,1
32640,1
32641,1
32651,0
32653,1
32654,0
32659,1
32660,1
32663,1
32664,0
32670,1
32674,1
32681,0
32690,0
32699,0
32702,1
32705,0
32706,1
32714,1
32717,1
32723,1
32732,1
32734,1
32740,1
32741,0
32744,1
32753,1
32768,1
32774,0
32775,0
32781,0
32782,0
32786,0
32789,1
32791,1
32794,0
32799,0
32810,1
32817,1
32822,0
32823,0
32826,1
32834,0
32847,0
32851,1
32853,1
32861,0
32869,1
32872,1
32873,1
32883,1
32909,1
32910,1
32914,1
32916,1
32917,0
32919,1
32930,1
32931,1
32932,0
32940,0
32946,0
32960,1
32964,0
32967,0
32971,1
32976,1
32977,1
32987,0
32991,0
33004,0
33006,0
33018,0
33019,0
33022,0
33023,1
33026,0
33030,0
33031,0
33033,0
33035,1
33042,0
33047,0
33048,1
33049,0
33051,0
33054,0
33057,1
33058,1
33064,0
33065,1
33074,1
33077,1
33096,0
33097,1
33101,1
33102,0
33119,0
33121,0
33123,0
33124,1
33126,1
33131,0
33146,0
33162,0
33165,0
33170,0
33172,0
33174,0
33180,0
33181,0
33182,0
33186,0
33191,1
33193,0
33195,0
33200,0
33201,0
33202,0
33207,1
33209,0
33210,1
33213,1
33231,0
33237,1
33246,1
33254,0
33256,0
33267,1
33269,1
33270,0
33274,1
33277,1
33278,0
33290,0
33300,1
33317,1
33323,1
33324,1
33326,1
33329,0
33335,1
33354,1
33355,1
33356,0
33358,1
33360,1
33361,1
33363,0
33377,1
33378,0
33383,1
33401,1
33403,1
33409,0
33419,1
33421,0
33422,0
33427,1
33431,0
33445,0
33450,1
33451,0
33452,1
33464,1
33468,1
33472,1
33473,0
33475,0
33480,1
33487,1
33491,0
33492,0
33507,0
33510,1
33511,0
33513,0
33514,1
33518,0
33521,1
33530,0
33540,1
33544,1
33545,0
33546,0
33548,0
33552,1
33554,0
33555,0
33557,1
33563,0
33565,1
33576,0
33589,1
33591,0
33596,0
33606,1
33612,0
33614,0
33615,0
33618,0
33625,1
33627,0
33629,0
33631,0
33636,1
33637,1
33639,1
33645,0
33646,1
33650,0
33653,0
33664,0
33678,0
33681,1
33685,0
33688,0
33697,0
33702,0
33704,0
33713,1
33718,0
33721,0
33730,0
33734,1
33735,0
33742,1
33755,1
33759,1
33761,0
33768,0
33778,1
33784,0
33785,1
33786,0
33788,1
33789,0
33790,0
33795,0
33803,0
33804,0
33808,0
33812,0
33820,1
33845,1
33847,0
33849,1
33858,0
33861,0
33862,1
33870,1
33872,0
33889,1
33891,0
33909,0
33925,1
33936,0
33949,0
33951,1
33965,1
33980,1
33981,0
34019,0
34023,1
34024,0
34025,1
34032,1
34034,1
34042,1
34043,1
34046,0
34047,0
34048,1
34049,0
34054,1
34055,0
34056,0
34057,0
34061,1
34078,0
34080,0
34086,0
34109,1
34119,1
34120,1
34123,0
34124,0
34132,1
34139,0
34146,1
34149,0
34152,0
34153,1
34157,1
34168,1
34171,1
34185,1
34194,1
34196,0
34197,0
34198,1
34209,0
34213,0
34217,0
34219,1
34222,0
34234,0
34239,1
34243,0
34251,1
34256,1
34260,1
34263,0
34267,1
34270,0
34273,1
34274,1
34280,1
34283,0
34301,1
34304,0
34305,1
34310,0
34312,0
34319,0
34321,1
34329,0
34332,1
34333,0
34348,1
34354,1
34358,0
34364,1
34365,1
34366,0
34371,1
34372,0
34375,1
34385,1
34395,1
34402,1
34412,0
34420,0
34421,1
34422,1
34428,0
34447,1
34448,0
34450,0
34463,0
34468,1
34469,1
34470,1
34474,1
34477,0
34478,0
34493,1
34495,0
34503,1
34504,1
34507,1
34512,1
34518,0
34519,1
34525,1
34528,0
34529,1
34539,0
34544,1
34548,1
34549,0
34561,0
34565,0
34573,0
34576,1
34581,0
34592,1
34601,0
34619,0
34620,0
34622,1
34623,1
34626,1
34629,0
34630,1
34631,1
34643,1
34645,0
34649,0
34653,1
34663,1
34665,1
34666,1
34671,0
34673,1
34678,1
34680,0
34684,0
34689,0
34691,1
34692,1
34696,1
34704,0
34712,1
34713,0
34717,1
34720,1
34724,1
34729,1
34733,1
34741,0
34742,0
34748,1
34753,1
34763,0
34767,0
34772,0
34775,1
34776,0
34792,0
34806,0
34808,1
34812,1
34814,0
34816,0
34817,0
34823,1
34824,0
34826,0
34827,1
34837,1
34845,0
34856,1
34871,1
34872,1
34873,0
34875,0
34877,1
34880,1
34885,1
34888,0
34892,1
34893,0
34895,0
34898,1
34900,0
34902,1
34909,1
34912,0
34915,1
34922,0
34924,0
34934,1
34941,0
34944,0
34954,0
34959,1
34960,0
34962,0
34964,1
34966,1
34971,0
34972,1
34975,1
34978,0
34983,1
34985,0
34991,0
34993,1
35005,1
35008,0
35012,1
35013,1
35019,0
35029,1
35033,0
35034,1
35035,1
35036,0
35037,1
35041,0
35042,1
35044,1
35047,1
35065,1
35066,0
35068,0
35072,0
35080,1
35083,0
35089,1
35100,0
35108,0
35118,1
35120,0
35122,1
35126,0
35141,1
35158,1
35161,0
35165,0
35168,1
35172,1
35177,1
35182,0
35184,1
35189,0
35195,1
35205,0
35206,1
35211,0
35214,0
35236,0
35241,0
35243,1
35249,1
35253,1
35258,0
35260,1
35261,1
35264,0
35269,0
35271,0
35276,1
35279,1
35280,0
35282,1
35283,0
35289,1
35292,0
35293,1
35301,1
35308,0
35309,0
35311,1
35317,0
35328,1
35339,0
35341,0
35352,0
35357,0
35361,0
35366,0
35371,1
35373,0
35386,1
35398,1
35402,1
35405,1
35406,1
35412,1
35422,1
35427,1
35428,1
35430,1
35432,1
35450,1
35459,1
35460,0
35461,0
35466,0
35467,0
35474,0
35475,0
35479,0
35484,1
35490,0
35491,0
35493,1
35497,0
35517,1
35520,0
35525,1
35526,1
35527,1
35532,1
35534,1
35538,0
35539,0
35540,1
35547,1
35559,1
35571,0
35572,1
35575,1
35583,0
35596,1
35598,0
35600,1
35601,0
35606,1
35609,0
35612,1
35614,0
35616,1
35624,1
35629,0
35632,1
35633,1
35646,0
35648,1
35652,0
35655,1
35656,0
35665,1
35678,1
35679,1
35688,0
35691,0
35695,1
35702,0
35724,0
35725,1
35732,0
35739,0
35745,1
35746,1
35747,0
35750,0
35756,1
35757,0
35758,1
35764,0
35766,1
35769,1
35770,1
35774,0
35784,0
35792,1
35796,1
35804,1
35805,0
35806,0
35814,0
35816,1
35822,1
35826,1
35827,1
35829,0
35834,1
35842,0
35843,0
35846,1
35847,0
35851,0
35854,1
35861,1
35863,1
35865,0
35871,0
35875,0
35879,0
35888,0
35889,1
35905,1
35908,1
35914,1
35915,1
35922,0
35928,0
35929,0
35931,0
35940,1
35941,0
35943,1
35945,0
35963,1
35970,0
35976,1
35977,1
35982,0
35983,0
35990,1
35999,1
36003,1
36005,1
36015,0
36026,1
36036,1
36039,0
36061,0
36066,0
36072,0
36080,1
36082,1
36083,1
36090,1
36101,1
36105,0
36112,1
36116,0
36128,1
36137,1
36148,1
36154,1
36157,0
36164,1
36169,0
36173,1
36175,0
36179,0
36185,0
36186,1
36188,0
36196,1
36198,1
36210,0
36212,1
36213,0
36214,1
36215,0
36222,1
36225,1
36232,0
36234,1
36245,1
36248,0
36252,0
36257,1
36263,0
36264,0
36274,0
36279,0
36280,1
36287,1
36290,1
36294,1
36304,1
36321,1
36329,0
36334,1
36338,1
36339,1
36352,1
36365,0
36369,0
36371,1
36379,1
36384,1
36385,0
36391,1
36392,0
36400,1
36404,0
36415,1
36424,1
36429,0
36433,0
36434,1
36435,0
36454,1
36456,1
36458,1
36467,0
36470,0
36471,1
36475,0
36480,1
36482,1
36494,1
36504,0
36516,0
36521,1
36530,0
36534,0
36536,1
36539,1
36540,1
36543,1
36547,0
36551,1
36554,1
36559,1
36560,1
36569,1
36570,1
36571,0
36575,1
36582,1
36585,1
36586,1
36589,1
36590,1
36599,1
36616,0
36620,1
36622,0
36623,0
36628,0
36633,0
36635,1
36637,1
36641,0
36658,1
36663,1
36664,1
36669,1
36680,0
36681,1
36682,1
36685,1
36690,0
36698,1
36699,1
36700,1
36710,0
36719,0
36720,0
36725,1
36737,0
36738,1
36739,1
36750,1
36754,0
36758,1
36760,1
36761,0
36765,0
36766,1
36767,1
36768,1
36769,0
36776,1
36780,0
36785,0
36786,0
36790,1
36793,0
36797,1
36798,0
36799,0
36806,1
36807,0
36808,1
36816,1
36818,0
36834,1
36837,1
36845,1
36847,1
36851,1
36853,0
36858,0
36861,1
36862,1
36873,0
36882,1
36890,1
36896,0
36898,1
36904,1
36910,1
36911,0
36921,1
36923,0
36941,1
36943,0
36950,1
36952,0
36953,1
36961,0
36968,0
36971,0
36975,0
36977,1
36978,0
36980,0
36982,0
36999,0
37004,1
37014,0
37019,1
37034,0
37036,1
37037,0
37038,1
37041,1
37048,1
37057,0
37063,0
37065,0
37067,1
37071,0
37079,0
37080,1
37082,0
37091,0
37095,0
37096,0
37102,1
37103,1
37105,0
37109,0
37121,0
37123,0
37125,1
37127,1
37128,0
37129,1
37132,1
37133,0
37137,0
37143,0
37147,0
37153,1
37155,1
37158,1
37162,0
37163,1
37165,0
37171,0
37174,1
37176,0
37179,1
37187,1
37189,1
37190,1
37193,0
37205,1
37208,1
37212,1
37218,0
37227,1
37233,0
37234,1
37235,1
37241,0
37242,0
37243,0
37250,0
37255,0
37257,0
37264,0
37268,1
37274,1
37284,0
37287,0
37299,1
37303,1
37305,1
37306,0
37308,0
37314,1
37325,0
37332,0
37336,1
37340,1
37341,0
37371,1
37378,0
37380,0
37384,1
37389,1
37392,1
37394,0
37396,0
37402,0
37403,0
37405,1
37406,0
37408,1
37409,1
37412,1
37416,0
37417,0
37421,0
37428,0
37431,0
37443,1
37446,0
37461,0
37466,0
37467,1
37468,0
37471,1
37474,1
37480,1
37488,0
37492,0
37498,1
37500,0
37502,1
37506,0
37513,0
37514,0
37515,1
37522,1
37533,1
37534,0
37538,1
37539,0
37540,1
37548,1
37550,0
37557,0
37558,0
37568,0
37581,1
37583,1
37586,1
37590,1
37600,0
37601,1
37602,0
37603,0
37605,1
37607,0
37610,1
37615,1
37619,1
37620,1
37622,0
37629,0
37631,1
37632,1
37638,1
37642,0
37654,1
37657,1
37659,0
37661,1
37667,1
37669,0
37670,0
37689,0
37693,0
37700,0
37702,1
37706,0
37708,1
37713,0
37719,1
37720,0
37722,0
37724,1
37732,0
37734,0
37743,0
37750,1
37755,0
37759,0
37760,1
37767,0
37768,0
37769,1
37772,0
37774,1
37777,1
37779,0
37786,1
37789,1
37809,1
37813,0
37816,0
37821,1
37831,1
37833,0
37837,1
37838,1
37849,0
37851,0
37855,0
37858,0
37859,1
37865,0
37866,1
37871,1
37874,1
37880,1
37886,0
37893,0
37897,1
37907,0
37910,1
37914,0
37922,1
37927,0
37934,1
37939,0
37942,1
37944,1
37951,1
37952,1
37962,1
37970,1
37973,1
37983,1
37986,0
37989,1
37992,0
37993,0
37996,1
38002,0
38009,0
38015,1
38026,1
38027,1
38039,1
38041,1
38046,0
38047,1
38050,0
38060,1
38061,1
38062,1
38063,0
38066,0
38067,0
38075,1
38077,1
38081,1
38083,0
38087,0
38096,0
38102,1
38105,1
38109,1
38124,1
38126,0
38128,1
38130,0
38132,1
38137,1
38138,1
38140,0
38141,1
38144,0
38147,1
38149,0
38166,0
38171,1
38176,0
38178,0
38182,0
38189,1
38192,1
38198,1
38200,0
38205,0
38213,1
38216,0
38221,0
38226,0
38229,1
38232,1
38235,1
38237,0
38243,1
38253,1
38259,0
38271,1
38274,0
38279,0
38282,0
38291,1
38294,0
38295,0
38314,0
38319,1
38321,0
38329,1
38337,1
38342,1
38344,1
38345,0
38346,1
38347,0
38354,1
38369,1
38372,0
38376,0
38386,1
38387,1
38393,0
38406,1
38410,1
38414,1
38415,1
38417,0
38419,1
38420,0
38427,1
38429,0
38430,1
38432,1
38447,0
38451,0
38453,1
38454,0
38455,1
38466,1
38471,1
38493,0
38508,1
38511,1
38518,1
38523,1
38525,1
38528,1
38531,1
38536,0
38537,1
38542,1
38555,1
38557,1
38559,0
38562,0
38564,0
38576,1
38578,0
38585,1
38592,1
38593,0
38598,0
38601,0
38607,0
38609,0
38612,0
38613,0
38621,0
38625,0
38634,0
38636,1
38644,1
38645,0
38656,0
38657,0
38660,1
38661,0
38664,1
38668,1
38671,0
38680,0
38681,1
38682,0
38683,0
38687,0
38688,1
38695,1
38697,1
38698,0
38699,0
38701,1
38704,0
38707,0
38712,0
38732,1
38739,1
38745,0
38757,1
38759,1
38765,1
38767,1
38770,0
38773,1
38778,1
38787,1
38791,0
38801,1
38824,0
38826,0
38829,1
38858,0
38863,1
38876,0
38880,0
38885,1
38888,0
38892,0
38894,1
38907,0
38917,1
38920,1
38922,1
38926,1
38928,1
38931,0
38934,0
38936,1
38937,1
38938,1
38941,0
38948,1
38952,1
38963,1
38967,0
38971,0
38975,1
38982,0
38987,0
38996,0
39001,1
39011,0
39012,0
39015,1
39017,0
39021,0
39027,0
39031,1
39033,1
39045,0
39049,0
39058,1
39059,1
39066,0
39069,0
39070,1
39071,0
39077,1
39081,0
39090,1
39095,0
39100,1
39104,1
39107,1
39110,1
39111,1
39114,0
39120,1
39121,1
39126,0
39128,1
39130,0
39140,0
39145,1
39171,1
39183,1
39184,1
39186,1
39188,0
39189,1
39201,0
39202,1
39210,1
39217,1
39218,1
39219,1
39222,1
39227,1
39230,1
39233,0
39235,0
39239,0
39261,0
39263,0
39268,1
39269,0
39271,1
39286,1
39295,0
39297,1
39298,0
39304,1
39306,1
39308,1
39324,1
39335,0
39336,1
39337,1
39342,1
39343,1
39347,1
39349,0
39355,0
39357,1
39367,1
39370,0
39372,0
39378,1
39379,1
39384,0
39395,1
39398,1
39405,1
39407,0
39411,0
39420,1
39423,0
39428,0
39430,1
39432,1
39433,0
39437,0
39441,1
39444,1
39448,1
39455,1
39459,1
39460,0
39467,1
39468,1
39479,1
39481,0
39492,1
39501,1
39507,0
39511,0
39514,1
39518,0
39522,0
39528,0
39530,0
39533,1
39537,1
39540,0
39541,0
39546,0
39550,0
39556,1
39557,1
39559,1
39561,1
39565,0
39568,0
39573,0
39574,0
39577,1
39579,0
39585,0
39587,1
39597,0
39611,0
39612,0
39613,0
39617,0
39623,1
39627,1
39636,0
39637,0
39639,1
39650,0
39665,1
39666,1
39681,0
39692,1
39695,1
39700,0
39701,1
39706,0
39711,1
39713,0
39714,1
39715,1
39717,0
39722,1
39724,0
39736,0
39739,0
39742,0
39745,0
39750,0
39753,1
39755,0
39760,0
39763,0
39770,1
39772,1
39774,1
39778,0
39779,1
39788,1
39790,1
39795,1
39797,0
39805,0
39808,0
39812,1
39816,1
39817,1
39818,0
39822,0
39823,0
39838,1
39845,1
39849,1
39854,1
39855,0
39861,1
39866,0
39872,1
39879,1
39880,1
39882,0
39886,1
39887,1
39888,0
39890,1
39898,1
39901,1
39903,1
39905,0
39907,1
39908,0
39910,0
39912,0
39918,0
39920,0
39921,1
39939,0
39948,1
39949,1
39957,0
39959,0
39960,1
39978,0
39996,0
40005,1
40008,1
40010,0
40018,1
40023,1
40030,1
40032,0
40036,0
40042,0
40055,1
40056,0
40058,0
40069,0
40087,0
40089,0
40108,0
40118,0
40122,0
40124,1
40125,1
40126,1
40128,0
40129,1
40130,0
40132,0
40137,1
40139,1
40143,0
40145,1
40148,1
40152,1
40158,1
40159,0
40164,1
40173,1
40176,1
40178,0
40187,0
40191,1
40192,1
40198,1
40204,0
40205,0
40219,1
40222,0
40232,1
40234,1
40236,1
40244,1
40248,1
40273,1
40279,1
40284,1
40295,0
40298,0
40299,1
40300,0
40307,1
40308,0
40315,0
40316,0
40320,1
40321,1
40323,0
40329,1
40331,0
40335,0
40340,1
40341,0
40351,1
40361,1
40379,1
40381,0
40385,1
40391,0
40395,0
40405,0
40413,0
40415,1
40420,1
40421,1
40422,1
40425,0
40431,0
40445,1
40452,0
40453,0
40459,0
40463,0
40465,1
40467,1
40473,0
40480,1
40490,1
40492,0
40493,1
40502,0
40507,0
40509,1
40514,0
40518,0
40519,1
40525,1
40528,0
40537,0
40543,0
40545,1
40554,0
40559,0
40566,0
40569,1
40573,1
40575,0
40581,1
40583,0
40586,1
40587,1
40589,1
40593,1
40597,0
40603,0
40605,0
40616,0
40617,0
40627,0
40628,0
40629,0
40633,0
40636,1
40642,1
40644,1
40649,0
40657,1
40663,0
40664,0
40667,0
40675,1
40677,1
40678,1
40680,0
40681,1
40684,0
40692,0
40711,1
40715,0
40721,1
40723,0
40728,0
40729,0
40733,1
40743,1
40744,1
40745,1
40747,0
40756,1
40759,0
40760,0
40761,1
40763,1
40782,1
40784,1
40785,1
40790,0
40792,0
40800,0
40802,1
40811,1
40813,0
40814,0
40817,1
40819,1
40831,1
40833,0
40835,1
40836,0
40853,0
40861,1
40868,0
40869,0
40877,0
40878,0
40884,1
40887,0
40891,1
40893,0
40900,0
40901,1
40905,0
40908,1
40910,0
40911,0
40912,0
40918,1
40921,0
40938,1
40945,1
40951,0
40958,1
40959,0
40962,1
40965,1
40972,0
40974,1
40977,1
40978,1
40979,1
40983,1
40985,1
40987,0
40990,1
40992,0
40993,1
40994,1
40999,1
41006,0
41016,0
41018,1
41021,1
41022,1
41027,1
41033,0
41035,1
41045,1
41055,1
41058,1
41059,1
41060,0
41061,0
41064,1
41065,0
41067,1
41068,0
41071,1
41076,0
41077,0
41090,1
41091,1
41092,1
41094,1
41096,1
41097,1
41099,1
41105,1
41106,0
41108,1
41109,0
41115,1
41126,1
41128,1
41135,1
41139,0
41148,1
41159,1
41160,1
41167,0
41168,1
41174,0
41177,0
41190,0
41192,1
41193,0
41194,1
41202,0
41204,0
41208,1
41218,1
41224,1
41227,1
41228,1
41232,1
41237,1
41247,1
41252,1
41254,1
41260,0
41262,0
41263,1
41269,0
41270,1
41280,1
41285,1
41300,0
41309,1
41311,0
41313,0
41318,0
41327,1
41331,0
41332,1
41342,1
41344,0
41362,1
41365,1
41376,0
41378,1
41383,1
41389,1
41406,0
41407,1
41409,1
41412,0
41415,0
41424,0
41432,0
41440,1
41443,1
41449,1
41455,1
41456,0
41465,1
41466,0
41473,0
41474,0
41485,1
41507,1
41510,0
41512,1
41516,1
41528,0
41536,1
41537,0
41541,0
41555,0
41561,1
41563,1
41566,0
41567,1
41598,0
41599,0
41603,0
41604,0
41608,1
41610,0
41612,1
41613,0
41631,1
41634,1
41636,1
41638,0
41641,1
41652,1
41664,0
41673,0
41678,1
41687,1
41688,0
41693,1
41694,0
41695,0
41704,1
41724,1
41730,1
41733,0
41738,1
41743,1
41747,0
41749,1
41758,0
41761,1
41777,0
41781,1
41782,0
41790,0
41796,0
41801,1
41803,0
41806,0
41809,1
41810,1
41811,0
41816,0
41822,0
41826,0
41828,1
41831,1
41833,0
41838,0
41842,1
41844,1
41849,0
41853,0
41857,0
41882,1
41883,0
41894,1
41895,0
41899,1
41903,1
41909,1
41915,1
41917,0
41926,1
41930,0
41944,0
41950,1
41958,1
41959,0
41960,0
41962,1
41964,0
41977,0
41999,0
42000,1
42003,1
42006,0
42012,1
42016,1
42020,0
42027,1
42032,0
42039,1
42042,1
42043,0
42050,1
42054,0
42069,1
42074,0
42076,1
42077,1
42083,1
42084,1
42086,0
42089,1
42095,1
42100,1
42102,0
42114,0
42118,1
42123,1
42129,1
42131,1
42133,0
42138,0
42139,1
42145,1
42151,1
42155,0
42160,0
42161,0
42162,0
42169,1
42180,0
42195,0
42204,0
42208,0
42211,1
42214,1
42220,0
42221,0
42223,0
42228,0
42229,0
42232,0
42235,0
42242,0
42243,1
42247,1
42250,1
42252,1
42255,0
42258,1
42270,1
42277,0
42278,0
42292,0
42301,0
42304,1
42311,1
42317,1
42324,0
42327,1
42333,1
42337,0
42339,0
42344,0
42345,1
42358,0
42361,1
42364,1
42376,1
42382,0
42397,0
42400,0
42415,0
42416,1
42423,0
42424,1
42427,1
42431,0
42432,1
42449,1
42454,0
42460,0
42463,1
42465,1
42474,1
42477,1
42480,1
42481,0
42483,1
42484,1
42490,0
42491,1
42497,1
42501,1
42506,1
42509,0
42516,1
42521,0
42523,0
42525,0
42528,0
42531,1
42535,1
42537,1
42545,1
42550,1
42556,1
42567,1
42568,1
42572,1
42575,0
42578,1
42590,0
42593,1
42596,1
42599,0
42601,1
42606,0
42614,0
42620,0
42622,0
42630,0
42632,0
42633,1
42634,1
42638,0
42639,0
42641,1
42654,0
42659,0
42680,0
42683,1
42688,1
42700,0
42703,0
42707,1
42726,1
42731,0
42734,0
42751,1
42756,1
42762,1
42766,0
42767,1
42781,1
42790,1
42802,0
42806,0
42808,0
42815,1
42817,1
42822,1
42830,0
42834,0
42835,1
42837,1
42846,1
42849,1
42851,1
42857,1
42878,1
42882,1
42886,1
42891,1
42892,0
42894,0
42895,1
42896,0
42897,1
42901,0
42904,0
42905,1
42914,0
42923,0
42930,0
42933,1
42940,0
42941,1
42942,0
42949,0
42951,0
42955,0
42961,0
42962,1
42965,1
42969,1
42972,0
42974,1
42975,1
42980,0
42983,1
42984,0
42986,1
42992,1
42997,1
43001,1
43013,1
43015,1
43019,1
43022,1
43031,0
43034,0
43041,1
43042,1
43043,0
43050,1
43051,0
43052,1
43054,0
43057,0
43061,1
43062,1
43069,1
43077,1
43078,1
43080,0
43093,1
43102,1
43105,1
43107,1
43117,1
43119,1
43125,0
43129,1
43130,0
43131,1
43135,0
43136,0
43142,0
43143,0
43147,1
43149,0
43151,0
43152,0
43153,1
43163,0
43164,1
43168,1
43169,0
43173,0
43174,0
43185,0
43194,0
43199,1
43214,1
43219,0
43220,1
43224,0
43228,0
43230,1
43238,1
43241,0
43245,0
43255,1
43269,1
43275,1
43277,1
43279,0
43280,1
43282,0
43284,1
43286,0
43290,0
43292,1
43299,0
43308,0
43309,0
43312,1
43317,1
43318,0
43324,0
43335,0
43338,0
43342,1
43343,1
43346,0
43347,1
43362,1
43373,0
43374,0
43375,1
43377,1
43391,0
43392,1
43395,1
43412,1
43413,0
43421,1
43434,1
43449,1
43450,1
43452,1
43472,0
43473,0
43474,0
43475,1
43477,0
43481,1
43486,1
43487,0
43491,1
43493,1
43496,1
43500,1
43508,0
43509,1
43521,0
43523,0
43530,0
43537,1
43540,0
43547,1
43560,0
43563,0
43572,0
43575,0
43583,0
43589,1
43600,0
43611,0
43613,0
43615,1
43619,0
43623,0
43627,1
43630,0
43638,1
43645,1
43653,0
43655,1
43658,1
43664,0
43665,1
43669,1
43674,1
43676,0
43682,0
43692,0
43693,0
43703,0
43718,0
43722,1
43723,0
43728,1
43734,0
43738,1
43741,0
43742,0
43743,1
43746,0
43754,1
43758,0
43761,0
43762,1
43770,0
43774,0
43778,1
43780,0
43782,1
43784,1
43786,1
43804,0
43814,0
43815,1
43816,1
43821,1
43834,1
43841,1
43844,0
43846,1
43861,0
43864,1
43867,1
43873,0
43874,0
43876,1
43892,1
43893,1
43894,1
43908,1
43928,1
43930,0
43932,1
43933,0
43936,0
43957,1
43964,1
43969,0
43986,0
43989,1
43990,0
43991,1
43993,0
43994,0
43998,1
44001,1
44004,1
44008,0
44022,0
44026,1
44028,1
44032,0
44033,0
44038,1
44044,0
44048,0
44061,1
44064,0
44065,0
44078,0
44080,1
44089,1
44102,1
44105,1
44108,1
44110,1
44111,1
44115,0
44118,0
44121,1
44124,1
44127,1
44128,0
44148,0
44150,1
44154,1
44163,0
44164,1
44169,1
44176,1
44181,0
44184,0
44185,1
44194,1
44205,1
44208,1
44209,1
44215,0
44216,0
44222,0
44227,1
44244,1
44254,1
44258,1
44263,1
44264,1
44268,1
44269,1
44275,1
44279,0
44280,1
44286,0
44295,1
44300,1
44303,0
44304,1
44305,1
44311,0
44319,0
44321,0
44333,1
44337,1
44341,1
44344,1
44346,1
44376,0
44381,0
44382,0
44396,1
44398,1
44404,1
44408,1
44412,0
44415,1
44420,1
44423,1
44426,0
44428,0
44436,1
44447,0
44452,0
44461,0
44462,1
44467,0
44468,1
44475,0
44479,1
44481,0
44482,0
44488,0
44490,1
44496,0
44511,0
44518,0
44520,1
44527,1
44529,0
44530,0
44533,0
44536,0
44546,1
44553,0
44555,1
44569,1
44571,0
44582,0
44584,1
44587,1
44590,1
44598,1
44599,0
44602,1
44605,0
44611,1
44614,0
44619,0
44624,1
44627,0
44647,1
44653,0
44654,1
44656,1
44657,0
44659,0
44661,1
44666,0
44669,1
44670,1
44679,1
44684,1
44687,0
44694,1
44703,0
44709,0
44710,1
44713,1
44714,0
44715,0
44720,0
44722,1
44728,1
44747,1
44748,0
44749,1
44753,0
44757,0
44767,0
44770,1
44778,0
44780,0
44781,1
44787,0
44805,1
44806,0
44831,1
44832,1
44835,1
44849,1
44851,0
44865,1
44873,0
44874,1
44879,1
44889,0
44892,1
44893,1
44897,0
44900,0
44904,1
44915,0
44917,1
44918,0
44923,1
44926,1
44928,0
44930,1
44933,0
44942,1
44943,1
44944,0
44950,0
44958,1
44970,1
44975,0
44976,0
44979,0
44983,0
44990,0
44993,0
44998,0
45004,1
45005,0
45010,1
45015,1
45017,1
45020,1
45021,1
45023,0
45027,1
45046,1
45050,1
45051,1
45054,1
45055,1
45056,0
45068,0
45070,0
45081,0
45086,0
45093,1
45097,1
45106,1
45114,1
45117,1
45140,0
45142,0
45145,1
45146,0
45150,0
45152,0
45154,0
45159,1
45165,1
45169,1
45170,1
45171,1
45180,0
45185,0
45192,1
45199,0
45200,0
45202,0
45221,0
45235,0
45240,1
45242,1
45256,1
45258,1
45259,1
45260,0
45264,0
45269,1
45271,0
45280,0
45287,1
45294,1
45298,0
45299,1
45301,0
45303,0
45304,0
45309,0
45312,0
45316,0
45318,1
45323,0
45332,1
45333,1
45334,1
45338,1
45340,0
45355,1
45357,0
45365,0
45366,1
45368,1
45370,0
45372,1
45374,0
45379,0
45383,1
45392,0
45395,0
45398,0
45408,0
45409,0
45410,1
45414,0
45421,1
45432,1
45434,0
45438,0
45440,1
45442,0
45449,0
45455,1
45465,0
45468,1
45476,0
45486,0
45490,0
45503,1
45504,0
45505,0
45508,1
45509,1
45511,0
45513,0
45516,1
45536,0
45538,1
45545,1
45548,0
45549,0
45551,0
45556,0
45560,1
45564,0
45568,1
45569,1
45570,0
45573,0
45577,0
45583,0
45587,1
45590,1
45592,0
45593,1
45597,0
45598,1
45599,0
45616,0
45617,1
45618,1
45620,1
45622,1
45623,0
45635,0
45636,0
45637,1
45640,1
45644,1
45652,1
45659,0
45660,1
45663,0
45666,0
45668,0
45672,1
45681,1
45685,0
45687,0
45689,0
45691,0
45693,1
45694,0
45702,0
45703,1
45716,1
45717,0
45729,1
45732,0
45751,1
45755,0
45763,0
45769,0
45776,0
45777,1
45780,0
45785,0
45803,1
45806,1
45807,0
45808,1
45810,0
45817,0
45820,1
45823,0
45826,1
45829,1
45832,0
45839,1
45842,1
45845,0
45847,1
45857,0
45872,1
45877,0
45882,1
45890,0
45898,0
45899,1
45901,0
45915,1
45917,0
45922,1
45937,0
45943,1
45944,0
45947,0
45969,0
45973,1
45977,0
45983,0
45984,1
45987,1
45988,1
46000,0
46006,1
46008,0
46011,0
46027,1
46033,0
46041,1
46043,1
46046,0
46053,1
46054,1
46061,0
46062,1
46065,1
46070,1
46071,0
46073,1
46074,0
46079,1
46080,1
46081,1
46087,0
46094,0
46105,1
46108,1
46112,0
46114,0
46115,0
46136,0
46139,0
46143,0
46146,1
46148,0
46153,0
46168,1
46174,1
46177,1
46179,0
46180,1
46186,0
46189,1
46192,1
46193,0
46198,0
46199,0
46202,1
46215,0
46219,0
46221,0
46223,1
46227,1
46231,0
46234,0
46237,1
46247,0
46254,0
46258,0
46260,1
46262,1
46267,0
46270,0
46271,1
46274,1
46281,1
46283,1
46294,0
46301,1
46321,1
46328,0
46329,1
46338,0
46340,0
46347,0
46353,0
46354,0
46355,0
46369,0
46378,0
46379,1
46384,0
46390,1
46391,1
46395,0
46398,1
46411,1
46427,1
46428,1
46432,0
46436,0
46440,0
46444,1
46445,1
46457,0
46469,0
46484,0
46493,0
46497,1
46498,1
46502,1
46505,0
46510,1
46518,0
46519,1
46526,0
46527,1
46532,0
46537,0
46543,1
46545,0
46548,1
46552,0
46553,0
46559,0
46565,1
46566,0
46572,0
46573,1
46578,1
46579,0
46581,1
46585,0
46595,1
46596,1
46599,1
46613,1
46625,0
46628,0
46636,1
46638,1
46654,0
46656,0
46659,1
46660,1
46665,1
46666,1
46667,1
46674,1
46678,0
46681,1
46682,0
46683,0
46684,1
46685,0
46690,1
46691,0
46697,0
46698,1
46708,0
46710,1
46727,0
46730,0
46731,0
46734,0
46739,1
46746,1
46760,0
46764,1
46772,1
46775,1
46776,0
46779,1
46786,1
46801,1
46806,1
46809,1
46810,0
46818,1
46819,1
46829,1
46833,0
46842,0
46845,0
46849,0
46851,0
46852,1
46853,0
46855,1
46856,0
46864,0
46865,1
46870,0
46871,0
46880,1
46905,1
46918,1
46926,0
46931,0
46933,0
46938,0
46943,0
46952,0
46955,1
46959,0
46960,0
46961,0
46965,1
46966,1
46968,0
46969,0
46974,0
46982,0
46984,1
46992,0
46998,0
47003,0
47010,0
47019,1
47020,0
47033,0
47034,0
47035,0
47044,1
47046,1
47056,1
47061,0
47062,0
47064,1
47067,1
47070,1
47076,0
47082,0
47085,1
47086,1
47088,0
47102,1
47106,0
47107,1
47108,0
47116,0
47117,0
47118,1
47120,1
47121,0
47129,0
47133,1
47135,0
47143,0
47144,0
47146,0
47150,0
47151,0
47152,1
47154,0
47161,0
47163,0
47165,0
47169,0
47171,0
47175,0
47177,1
47181,0
47193,1
47194,0
47195,0
47196,1
47211,1
47215,0
47217,1
47220,0
47225,0
47228,0
47234,0
47237,0
47239,0
47242,0
47261,1
47262,0
47264,0
47270,0
47276,1
47287,0
47301,0
47306,0
47309,1
47311,0
47312,0
47313,0
47316,0
47329,1
47330,1
47331,1
47335,0
47339,1
47343,1
47345,1
47363,1
47371,1
47384,0
47390,1
47393,1
47404,1
47406,0
47407,1
47408,0
47411,1
47414,0
47418,1
47437,1
47439,1
47444,1
47448,1
47450,0
47456,0
47460,1
47461,1
47464,0
47473,0
47486,0
47487,0
47491,1
47493,0
47494,1
47512,0
47514,1
47521,1
47528,1
47534,1
47547,0
47559,1
47560,0
47561,0
47569,0
47579,1
47583,1
47586,1
47588,1
47592,1
47594,0
47598,1
47600,0
47604,1
47606,0
47619,1
47620,0
47621,0
47634,1
47635,0
47638,1
47640,1
47644,1
47645,1
47646,1
47648,0
47657,0
47659,0
47666,0
47667,1
47676,0
47680,1
47684,1
47685,1
47689,0
47690,0
47696,1
47700,1
47713,1
47714,1
47723,1
47728,1
47731,1
47733,1
47737,0
47742,0
47749,1
47751,0
47756,0
47760,1
47764,1
47773,1
47775,0
47776,1
47780,0
47790,0
47796,0
47797,0
47809,1
47810,1
47815,1
47817,1
47827,1
47828,0
47831,0
47833,1
47839,0
47840,1
47842,1
47844,1
47855,0
47857,0
47869,1
47883,1
47886,1
47888,0
47894,0
47897,1
47898,0
47899,0
47900,1
47903,1
47907,1
47911,0
47918,0
47922,0
47928,1
47932,1
47942,1
47949,1
47950,0
47955,0
47963,0
47964,0
47966,1
47970,1
47972,1
47974,0
47988,0
47990,1
47991,0
47993,0
47994,0
47998,0
48000,1
48004,1
48010,0
48013,0
48020,1
48030,0
48035,0
48043,1
48050,0
48055,1
48087,0
48090,0
48099,1
48100,0
48105,1
48114,0
48116,0
48118,0
48120,1
48129,1
48137,0
48148,1
48163,0
48167,0
48169,1
48173,1
48174,0
48180,0
48188,1
48190,1
48192,0
48195,0
48199,1
48202,0
48221,0
48225,0
48227,1
48230,1
48232,1
48237,0
48247,0
48256,1
48259,0
48267,0
48269,0
48275,0
48278,0
48296,0
48298,0
48303,0
48305,1
48321,1
48324,1
48328,0
48331,1
48332,1
48336,1
48345,1
48347,1
48348,1
48353,1
48356,1
48357,0
48358,0
48361,1
48364,1
48367,1
48368,1
48385,0
48387,1
48392,0
48400,0
48404,1
48407,1
48408,0
48410,0
48431,0
48433,0
48436,0
48438,1
48440,0
48441,1
48447,0
48457,1
48458,1
48462,0
48470,1
48471,1
48476,0
48478,0
48481,1
48484,0
48491,1
48495,0
48496,0
48497,0
48502,1
48507,0
48512,1
48519,1
48520,1
48521,0
48529,1
48530,0
48536,0
48540,1
48548,1
48551,1
48553,1
48557,1
48560,0
48566,0
48569,0
48571,0
48572,1
48583,1
48585,1
48587,0
48590,1
48591,0
48598,0
48599,1
48612,1
48617,0
48626,0
48629,0
48638,1
48639,0
48644,0
48645,1
48654,1
48662,1
48669,0
48670,0
48675,1
48677,0
48682,0
48684,1
48686,1
48691,0
48697,0
48700,1
48710,1
48713,0
48716,1
48718,1
48726,1
48729,0
48732,0
48739,0
48741,0
48745,1
48749,0
48751,0
48754,1
48755,1
48757,0
48758,1
48760,0
48762,0
48764,0
48767,0
48768,1
48777,0
48779,0
48780,1
48784,1
48785,1
48788,1
48794,0
48795,0
48804,1
48806,0
48813,0
48819,0
48831,0
48839,0
48846,1
48847,1
48850,1
48851,1
48861,0
48869,0
48874,1
48881,1
48895,0
48900,0
48905,0
48910,1
48919,1
48934,0
48940,0
48950,1
48954,1
48958,1
48961,1
48962,0
48969,1
48974,0
48976,0
48978,1
48984,1
48991,0
48996,1
49002,0
49004,0
49005,0
49007,0
49010,1
49025,1
49027,1
49034,1
49036,1
49041,1
49045,0
49052,0
49053,0
49060,1
49061,1
49063,1
49068,1
49083,0
49089,0
49091,1
49093,0
49099,0
49102,0
49106,0
49108,0
49112,0
49113,1
49115,1
49120,1
49124,0
49127,0
49128,0
49133,1
49137,1
49140,1
49148,1
49151,0
49157,1
49159,1
49163,0
49165,0
49185,1
49191,0
49193,1
49199,1
49204,1
49207,1
49214,1
49223,0
49237,0
49242,0
49243,0
49244,0
49246,1
49248,1
49256,0
49259,0
49269,1
49273,0
49282,1
49288,1
49292,0
49295,1
49297,0
49303,1
49317,0
49324,0
49326,0
49327,1
49332,0
49343,1
49344,0
49348,0
49350,1
49357,1
49360,1
49377,1
49380,1
49385,1
49403,1
49404,1
49410,1
49413,0
49414,0
49427,1
49429,0
49434,0
49440,1
49444,1
49446,0
49457,1
49458,1
49465,1
49467,0
49470,0
49473,1
49474,1
49484,0
49488,1
49493,1
49501,0
49507,1
49509,0
49514,0
49515,1
49518,0
49522,0
49526,0
49534,1
49539,0
49541,0
49555,0
49563,0
49571,1
49578,0
49579,0
49580,1
49583,1
49590,1
49594,1
49619,0
49621,0
49622,0
49629,1
49631,0
49636,1
49645,1
49646,1
49648,0
49670,1
49671,1
49678,1
49688,0
49695,0
49700,0
49706,0
49712,1
49713,1
49718,1
49723,0
49727,0
49728,1
49735,1
49738,1
49741,0
49746,0
49748,0
49751,0
49752,0
49753,1
49759,0
49786,1
49789,0
49793,0
49800,0
49804,1
49805,1
49811,0
49812,1
49816,1
49825,1
49828,0
49830,1
49835,1
49843,0
49844,1
49850,0
49858,0
49862,1
49870,0
49871,1
49872,0
49878,1
49879,0
49882,0
49886,0
49888,0
49894,0
49895,1
49899,0
49903,0
49904,1
49907,0
49909,0
49915,0
49917,0
49919,0
49927,0
49929,0
49936,1
49939,1
49941,1
49960,1
49962,1
49971,1
49974,1
49977,1
49980,1
49988,1
49990,0
49993,0
49994,1
49996,1
50000,0
50003,0
50008,0
50033,0
50040,1
50044,0
50049,0
50052,0
50056,1
50064,1
50068,0
50069,1
50072,1
50077,1
50085,1
50090,1
50093,1
50095,1
50100,1
50102,0
50111,1
50112,0
50121,0
50122,0
50124,1
50133,0
50136,1
50138,0
50140,0
50148,1
50152,1
50154,0
50158,0
50159,0
50163,1
50164,0
50180,0
50185,0
50189,0
50192,1
50194,0
50208,1
50219,1
50221,0
50230,0
50231,0
50232,0
50233,1
50236,0
50238,0
50244,0
50253,0
50254,1
50256,0
50258,1
50267,0
50270,0
50272,1
50274,1
50277,1
50280,1
50282,0
50283,1
50284,0
50289,0
50292,1
50295,1
50296,1
50298,1
50304,0
50310,1
50314,0
50315,1
50325,1
50326,1
50327,0
50328,0
50329,0
50330,1
50332,1
50341,1
50356,0
50357,1
50374,0
50376,0
50377,0
50378,1
50380,0
50387,1
50390,0
50391,1
50392,0
50394,0
50405,0
50406,1
50408,1
50413,0
50416,0
50424,1
50445,1
50447,1
50453,0
50455,1
50461,1
50469,1
50483,0
50486,1
50490,0
50496,1
50505,0
50511,1
50532,1
50541,0
50542,1
50555,1
50563,1
50568,1
50569,0
50570,0
50575,1
50586,0
50590,0
50591,1
50592,0
50597,1
50611,1
50613,0
50616,0
50627,0
50636,1
50643,1
50645,0
50648,1
50652,1
50657,0
50680,1
50682,1
50688,1
50691,1
50692,1
50697,1
50700,1
50712,0
50715,1
50716,1
50717,0
50725,1
50730,0
50734,0
50742,0
50743,1
50744,0
50745,0
50746,1
50750,0
50752,0
50755,0
50759,1
50763,0
50767,1
50771,1
50784,1
50786,1
50788,0
50791,1
50799,1
50801,1
50806,1
50807,0
50818,1
50826,0
50845,0
50847,1
50852,0
50854,1
50864,0
50869,1
50874,0
50875,0
50881,1
50883,0
50885,1
50888,1
50893,1
50894,1
50905,1
50917,0
50919,1
50920,0
50931,1
50932,1
50933,0
50934,0
50936,1
50937,0
50939,1
50940,0
50952,1
50955,0
50958,0
50964,0
50969,0
50971,1
50973,1
50982,1
50984,0
50985,0
50986,0
50989,0
50990,1
50992,0
50996,1
50999,1
51004,1
51005,0
51007,0
51008,0
51010,1
51023,1
51026,1
51027,1
51030,1
51044,1
51050,1
51052,1
51067,0
51068,0
51079,1
51084,1
51094,0
51103,0
51107,1
51116,1
51123,1
51125,0
51131,0
51141,0
51143,1
51153,1
51156,1
51158,1
51159,0
51169,1
51171,0
51178,1
51192,0
51194,1
51199,0
51206,0
51208,1
51217,1
51220,0
51222,0
51236,1
51238,1
51242,0
51258,0
51259,0
51261,1
51270,0
51273,0
51278,0
51279,1
51285,1
51286,1
51287,0
51289,0
51296,0
51299,0
51304,1
51311,0
51315,1
51325,1
51328,0
51336,0
51342,1
51344,0
51349,1
51351,1
51357,1
51359,0
51368,0
51375,1
51378,0
51384,1
51386,1
51387,1
51391,0
51392,1
51395,0
51399,0
51402,0
51403,1
51416,1
51417,1
51422,0
51424,0
51426,0
51428,1
51430,1
51431,0
51438,1
51440,1
51451,0
51453,0
51457,0
51461,0
51467,0
51477,1
51480,0
51483,0
51484,1
51485,1
51486,0
51500,0
51508,0
51509,1
51510,0
51512,0
51513,0
51515,1
51516,1
51517,1
51520,0
51529,1
51535,1
51536,1
51561,0
51566,0
51573,1
51577,0
51582,0
51586,0
51588,0
51589,0
51601,0
51603,0
51616,1
51624,1
51634,0
51637,1
51638,0
51642,1
51643,0
51644,1
51654,0
51657,0
51667,0
51668,0
51671,1
51674,1
51676,0
51678,1
51685,0
51686,0
51692,1
51693,0
51708,0
51717,1
51721,1
51730,1
51739,1
51743,0
51752,0
51753,0
51758,1
51769,0
51770,0
51780,0
51781,1
51785,1
51800,0
51803,1
51824,0
51832,1
51836,1
51837,0
51847,1
51864,1
51877,0
51879,0
51881,0
51889,0
51893,1
51894,1
51895,1
51907,1
51908,0
51910,1
51911,1
51918,1
51920,1
51922,0
51930,0
51931,0
51934,0
51941,0
51942,1
51948,1
51950,1
51954,0
51961,0
51964,1
51965,0
51975,0
51976,0
51981,0
51983,0
51988,1
51991,0
51999,0
52000,0
52014,1
52015,1
52023,1
52025,0
52026,0
52028,0
52036,1
52039,1
52049,0
52055,0
52068,1
52085,0
52087,1
52093,1
52096,0
52106,1
52110,0
52113,1
52128,1
52135,0
52140,1
52142,0
52147,1
52152,1
52154,1
52163,1
52164,0
52175,0
52176,0
52178,1
52181,0
52189,1
52191,1
52194,0
52195,0
52197,0
52206,1
52213,1
52217,1
52234,0
52236,0
52239,0
52244,0
52247,0
52250,1
52258,1
52269,0
52276,0
52277,0
52280,0
52286,1
52288,1
52290,0
52295,1
52298,0
52306,1
52313,1
52319,0
52325,0
52339,0
52346,1
52348,1
52351,0
52363,1
52364,0
52370,0
52374,1
52378,0
52383,1
52384,1
52385,0
52386,0
52388,1
52394,0
52400,1
52409,0
52410,0
52411,1
52423,1
52428,1
52431,0
52432,1
52434,0
52443,0
